Time,Right Hand,Left Hand,Right,Left,Zero,Phase,Frequency
Seconds,V,V,,,,V,V
,,,,,,,
0,0,0,2.05,2.05,0,0,0
1,0,0,2.05,2.05,0,0.002,0.002
2,0,0,2.05,2.05,0,0.002,0.002
3,0,0,2.05,2.05,0,0.002,0.002
4,0,0,2.05,2.05,0,0.002,0.002
5,0,0,2.05,2.05,0,0.002,0.002
6,0,0,2.05,2.05,0,0.002,0.002
7,0,0,2.05,2.05,0,0.002,0.002
8,0,0,2.05,2.05,0,0.002,0.001
9,0,0,2.05,2.05,0,0.002,0.001
10,0,0,2.05,2.05,0,0.002,0.002
11,0,0,2.05,2.05,0,0.002,0.002
12,0,0,2.05,2.05,0,0.002,0.002
13,0,0,2.05,2.05,0,0.002,0.001
14,0,0,2.05,2.05,0,0.002,0.001
15,0,0,2.05,2.05,0,0.002,0.002
16,0,0,2.05,2.05,0,0.003,0.002
17,0,0,2.05,2.05,0,0.002,0.002
18,0,0,2.05,2.05,0,0.002,0.002
19,0,0,2.05,2.05,0,0.002,0.002
20,0,0,2.05,2.05,0,0.002,0.002
21,0,0,2.05,2.05,0,0.002,0.002
22,0,0,2.05,2.05,0,0.002,0.001
23,0,0,2.05,2.05,0,0.002,0.001
24,0,0,2.05,2.05,0,0.002,0.002
25,0,0,2.05,2.05,0,0.002,0.002
26,0,0,2.05,2.05,0,0.002,0.002
27,0,0,2.05,2.05,0,0.002,0.002
28,0,0,2.05,2.05,0,0.002,0.002
29,0,0,2.05,2.05,0,0.002,0.002
30,0,0,2.05,2.05,0,0.002,0.002
31,0,0,2.05,2.05,0,0.002,0.002
32,0,0,2.05,2.05,0,0.002,0.002
33,0,0,2.05,2.05,0,0.002,0.002
34,0,0,2.05,2.05,0,0.002,0.002
35,0,0,2.05,2.05,0,0.002,0.002
36,0,0,2.05,2.05,0,0.002,0.002
37,0,0,2.05,2.05,0,0.002,0.002
38,0,0,2.05,2.05,0,0.002,0.002
39,0,0,2.05,2.05,0,0.003,0.002
40,0,0,2.05,2.05,0,0.002,0.002
41,0,0,2.05,2.05,0,0.004,0.002
42,0,0,2.05,2.05,0,0.007,0.027
43,0,0,2.05,2.05,0,0.007,0.027
44,0,0,2.05,2.05,0,0.313,1.135
45,0,0,2.05,2.05,0,0.313,2.39
46,0,0,2.05,2.05,0,0.314,2.39
47,0,0,2.05,2.05,0,0.314,2.244
48,0,0,2.05,2.05,0,0.314,2.243
49,0,0,2.05,2.05,0,0.314,2.242
50,0,0,2.05,2.05,0,0.314,2.17
51,0,0,2.05,2.05,0,0.314,2.098
52,0,0,2.05,2.05,0,0.314,2.098
53,0,0,2.05,2.05,0,0.314,2.098
54,0,0,2.05,2.05,0,0.313,2.098
55,0,0,2.05,2.05,0,0.314,2.099
56,0,0,2.05,2.05,0,0.314,2.098
57,0,0,2.05,2.05,0,0.314,2.171
58,0,0,2.05,2.05,0,0.314,2.1
59,0,0,2.05,2.05,0,0.314,2.098
60,0,0,2.05,2.05,0,0.314,2.098
61,0,0,2.05,2.05,0,0.314,2.098
62,0,0,2.05,2.05,0,0.313,2.098
63,0,0,2.05,2.05,0,0.314,2.17
64,0,0,2.05,2.05,0,0.314,2.098
65,0,0,2.05,2.05,0,0.313,2.098
66,0,0,2.05,2.05,0,0.314,2.098
67,0,0,2.05,2.05,0,0.314,2.098
68,0,0,2.05,2.05,0,0.314,2.025
69,0,0,2.05,2.05,0,0.314,1.952
70,0,0,2.05,2.05,0,0.314,1.951
71,0,0,2.05,2.05,0,0.314,2.025
72,0,0,2.05,2.05,0,0.314,1.953
73,0,0,2.05,2.05,0,0.314,1.952
74,0,0,2.05,2.05,0,0.314,2.098
75,0,0,2.05,2.05,0,0.314,2.098
76,0,0,2.05,2.05,0,0.314,1.952
77,0,0,2.05,2.05,0,0.314,1.952
78,0,0,2.05,2.05,0,0.314,1.952
79,0,0,2.05,2.05,0,0.314,2.025
80,0,0,2.05,2.05,0,0.313,1.952
81,0,0,2.05,2.05,0,0.314,1.952
82,0,0,2.05,2.05,0,0.314,1.952
83,0,0,2.05,2.05,0,0.314,1.951
84,0,0,2.05,2.05,0,0.314,1.952
85,0,0,2.05,2.05,0,0.314,1.952
86,0,0,2.05,2.05,0,0.313,1.951
87,0,0,2.05,2.05,0,0.314,1.808
88,0,0,2.05,2.05,0,0.314,1.808
89,0,0,2.05,2.05,0,0.314,1.88
90,0,0,2.05,2.05,0,0.314,1.841
91,0,0,2.05,2.05,0,0.313,1.952
92,0,0,2.05,2.05,0,0.313,1.808
93,0,0,2.05,2.05,0,0.314,1.808
94,0,0,2.05,2.05,0,0.314,1.88
95,0,0,2.05,2.05,0,0.314,1.952
96,0,0,2.05,2.05,0,0.314,1.951
97,0,0,2.05,2.05,0,0.314,1.735
98,0,0,2.05,2.05,0,0.314,1.663
99,0,0,2.05,2.05,0,0.314,1.664
100,0,0,2.05,2.05,0,0.313,1.664
101,0,0,2.05,2.05,0,0.314,1.664
102,0,0,2.05,2.05,0,0.314,1.592
103,0,0,2.05,2.05,0,0.314,1.63
104,0,0,2.05,2.05,0,0.315,1.663
105,0,0,2.05,2.05,0,0.314,1.52
106,0,0,2.05,2.05,0,0.313,1.52
107,0,0,2.05,2.05,0,0.313,1.521
108,0,0,2.05,2.05,0,0.315,1.447
109,0,0,2.05,2.05,0,0.315,1.372
110,0,0,2.05,2.05,0,0.314,1.447
111,0,0,2.05,2.05,0,0.315,1.47
112,0,0,2.05,2.05,0,0.314,1.372
113,0,0,2.05,2.05,0,0.315,1.374
114,0,0,2.05,2.05,0,0.315,1.372
115,0,0,2.05,2.05,0,0.313,1.3
116,0,0,2.05,2.05,0,0.313,1.372
117,0,0,2.05,2.05,0,0.315,1.372
118,0,0,2.05,2.05,0,0.313,1.227
119,0,0,2.05,2.05,0,0.314,1.225
120,0,0,2.05,2.05,0,0.314,1.226
121,0.187,0.19,1.863,1.86,0,0.316,1.153
122,1.611,1.571,0.439,0.479,0,0.313,1.08
123,1.611,1.571,0.439,0.479,0,0.314,1.226
124,1.611,1.571,0.439,0.479,0,0.316,1.081
125,1.611,1.59,0.439,0.46,0,0.313,1.079
126,1.63,1.59,0.42,0.46,0,0.313,1.152
127,1.63,1.59,0.42,0.46,0,0.313,1.079
128,1.63,1.59,0.42,0.46,0,0.316,1.083
129,1.649,1.609,0.401,0.441,0,0.319,1.156
130,1.649,1.609,0.401,0.441,0,0.319,1.084
131,1.649,1.609,0.401,0.441,0,0.316,1.082
132,1.649,1.609,0.401,0.441,0,0.313,1.079
133,1.649,1.609,0.401,0.441,0,0.313,1.079
134,1.641,1.609,0.409,0.441,0,0.313,1.005
135,1.63,1.609,0.42,0.441,0,0.316,1.084
136,1.63,1.609,0.42,0.441,0,0.314,1.08
137,1.63,1.609,0.42,0.441,0,0.316,1.007
138,1.63,1.609,0.42,0.441,0,0.319,1.08
139,1.63,1.59,0.42,0.46,0,0.316,1.006
140,1.63,1.59,0.42,0.46,0,0.313,0.932
141,1.63,1.59,0.42,0.46,0,0.314,0.93
142,1.63,1.59,0.42,0.46,0,0.319,0.931
143,1.63,1.59,0.42,0.46,0,0.313,0.932
144,1.63,1.59,0.42,0.46,0,0.316,0.93
145,1.611,1.59,0.439,0.46,0,0.319,0.932
146,1.611,1.59,0.439,0.46,0,0.315,0.935
147,1.611,1.59,0.439,0.46,0,0.314,0.933
148,1.611,1.59,0.439,0.46,0,0.313,0.932
149,1.611,1.59,0.439,0.46,0,0.313,0.784
150,1.611,1.59,0.439,0.46,0,0.313,0.932
151,1.611,1.59,0.439,0.46,0,0.313,0.933
152,1.611,1.59,0.439,0.46,0,0.317,0.787
153,1.611,1.59,0.439,0.46,0,0.319,0.894
154,1.611,1.59,0.439,0.46,0,0.316,0.781
155,1.611,1.571,0.439,0.479,0,0.313,0.856
156,1.611,1.571,0.439,0.479,0,0.313,0.787
157,1.611,1.571,0.439,0.479,0,0.316,0.93
158,1.611,1.571,0.439,0.479,0,0.315,0.784
159,1.611,1.571,0.439,0.479,0,0.313,0.781
160,1.592,1.571,0.458,0.479,0,0.316,0.784
161,1.592,1.571,0.458,0.479,0,0.313,0.784
162,1.592,1.571,0.458,0.479,0,0.316,0.781
163,1.592,1.571,0.458,0.479,0,0.313,0.785
164,1.592,1.571,0.458,0.479,0,0.313,0.781
165,1.592,1.571,0.458,0.479,0,0.313,0.636
166,1.592,1.571,0.458,0.479,0,0.313,0.662
167,1.592,1.571,0.458,0.479,0,0.316,0.781
168,1.592,1.571,0.458,0.479,0,0.315,0.56
169,1.592,1.552,0.458,0.498,0,0.318,0.482
170,1.592,1.552,0.458,0.498,0,0.313,0.635
171,1.592,1.552,0.458,0.498,0,0.32,0.562
172,1.592,1.552,0.458,0.498,0,0.313,0.635
173,1.592,1.552,0.458,0.498,0,0.313,0.482
174,1.592,1.552,0.458,0.498,0,0.313,0.482
175,1.592,1.552,0.458,0.498,0,0.314,0.482
176,1.592,1.552,0.458,0.498,0,0.316,0.409
177,1.592,1.552,0.458,0.498,0,0.313,0.332
178,1.592,1.552,0.458,0.498,0,0.316,0.488
179,1.573,1.552,0.477,0.498,0,0.316,0.333
180,1.592,1.552,0.458,0.498,0,0.32,0.335
181,1.573,1.552,0.477,0.498,0,0.315,0.18
182,1.592,1.552,0.458,0.498,0,0.316,0.186
183,1.592,1.552,0.458,0.498,0,0.313,0.027
184,1.592,1.552,0.458,0.498,0,0.32,0.105
185,1.611,1.552,0.439,0.498,0,0.313,0.03
186,1.611,1.552,0.439,0.498,0,0.314,0.18
187,1.592,1.552,0.458,0.498,0,0.32,0.029
188,1.592,1.552,0.458,0.498,0,0.313,0.184
189,1.592,1.552,0.458,0.498,0,0.314,0.104
190,1.611,1.552,0.439,0.498,0,0.317,0.185
191,1.611,1.552,0.439,0.498,0,0.313,0.027
192,1.592,1.552,0.458,0.498,0,0.32,0.161
193,1.592,1.552,0.458,0.498,0,0.314,0.033
194,1.592,1.552,0.458,0.498,0,0.313,0.103
195,1.592,1.552,0.458,0.498,0,2.093,0.027
196,1.592,1.552,0.458,0.498,0,2.093,0.027
197,1.592,1.552,0.458,0.498,0,2.093,0.027
198,1.592,1.552,0.458,0.498,0,2.093,0.027
199,1.592,1.552,0.458,0.498,0,2.093,0.027
200,1.592,1.552,0.458,0.498,0,2.093,0.027
201,1.592,1.552,0.458,0.498,0,2.093,0.027
202,1.592,1.552,0.458,0.498,0,2.093,0.027
203,1.592,1.552,0.458,0.498,0,2.093,0.027
204,1.592,1.533,0.458,0.517,0,2.093,0.027
205,1.592,1.533,0.458,0.517,0,2.093,0.027
206,1.573,1.533,0.477,0.517,0,2.093,0.027
207,1.573,1.533,0.477,0.517,0,2.093,0.027
208,1.592,1.533,0.458,0.517,0,2.093,0.027
209,1.592,1.533,0.458,0.517,0,2.093,0.027
210,1.592,1.533,0.458,0.517,0,2.093,0.027
211,1.592,1.533,0.458,0.517,0,2.093,0.027
212,1.592,1.533,0.458,0.517,0,2.093,0.027
213,1.592,1.533,0.458,0.517,0,2.093,0.027
214,1.592,1.533,0.458,0.517,0,2.093,0.027
215,1.592,1.533,0.458,0.517,0,2.093,0.027
216,1.573,1.533,0.477,0.517,0,2.093,0.027
217,1.573,1.533,0.477,0.517,0,2.093,0.027
218,1.573,1.533,0.477,0.517,0,2.093,0.027
219,1.573,1.533,0.477,0.517,0,2.093,0.027
220,1.573,1.533,0.477,0.517,0,2.093,0.027
221,1.573,1.533,0.477,0.517,0,1.215,0.03
222,1.573,1.533,0.477,0.517,0,1.211,0.332
223,1.573,1.533,0.477,0.517,0,1.212,0.353
224,1.573,1.533,0.477,0.517,0,1.211,0.408
225,1.573,1.533,0.477,0.517,0,1.212,0.332
226,1.573,1.533,0.477,0.517,0,1.212,0.333
227,1.573,1.533,0.477,0.517,0,1.214,0.487
228,1.573,1.533,0.477,0.517,0,1.212,0.333
229,1.573,1.533,0.477,0.517,0,1.215,0.409
230,1.573,1.533,0.477,0.517,0,1.211,0.334
231,1.573,1.514,0.477,0.536,0,1.212,0.407
232,1.573,1.514,0.477,0.536,0,1.212,0.332
233,1.554,1.514,0.496,0.536,0,1.213,0.332
234,1.554,1.514,0.496,0.536,0,1.214,0.407
235,1.554,1.514,0.496,0.536,0,1.213,0.482
236,1.554,1.514,0.496,0.536,0,1.212,0.482
237,1.554,1.514,0.496,0.536,0,1.211,0.484
238,1.554,1.514,0.496,0.536,0,1.214,0.636
239,1.554,1.514,0.496,0.536,0,1.212,0.56
240,1.554,1.514,0.496,0.536,0,1.214,0.484
241,1.554,1.514,0.496,0.536,0,1.212,0.635
242,1.554,1.514,0.496,0.536,0,1.211,0.561
243,1.554,1.514,0.496,0.536,0,1.213,0.635
244,1.554,1.514,0.496,0.536,0,1.213,0.635
245,1.554,1.514,0.496,0.536,0,1.211,0.637
246,1.554,1.514,0.496,0.536,0,1.211,0.638
247,1.554,1.514,0.496,0.536,0,1.211,0.71
248,1.554,1.514,0.496,0.536,0,1.213,0.635
249,1.554,1.495,0.496,0.555,0,1.212,0.635
250,1.554,1.495,0.496,0.555,0,1.213,0.71
251,1.554,1.495,0.496,0.555,0,1.211,0.787
252,1.554,1.495,0.496,0.555,0,1.214,0.781
253,1.554,1.495,0.496,0.555,0,1.212,0.858
254,1.554,1.495,0.496,0.555,0,1.214,0.781
255,1.554,1.495,0.496,0.555,0,1.211,0.782
256,1.554,1.495,0.496,0.555,0,1.212,0.933
257,1.554,1.495,0.496,0.555,0,1.213,0.787
258,1.554,1.495,0.496,0.555,0,1.213,0.782
259,1.554,1.495,0.496,0.555,0,1.212,0.781
260,1.554,1.495,0.496,0.555,0,1.211,0.783
261,1.554,1.495,0.496,0.555,0,1.211,0.857
262,1.535,1.495,0.515,0.555,0,1.212,0.93
263,1.554,1.495,0.496,0.555,0,1.212,0.93
264,1.535,1.495,0.515,0.555,0,1.212,0.781
265,1.554,1.495,0.496,0.555,0,1.212,0.828
266,1.554,1.495,0.496,0.555,0,1.214,0.932
267,1.535,1.495,0.515,0.555,0,1.211,0.932
268,1.535,1.495,0.515,0.555,0,1.212,0.93
269,1.554,1.495,0.496,0.555,0,1.212,0.932
270,1.554,1.495,0.496,0.555,0,1.211,0.931
271,1.554,1.495,0.496,0.555,0,1.212,0.931
272,1.554,1.514,0.496,0.536,0,1.214,1.084
273,1.554,1.514,0.496,0.536,0,1.212,1.041
274,1.554,1.514,0.496,0.536,0,1.214,1.008
275,1.573,1.514,0.477,0.536,0,1.213,1.079
276,1.554,1.514,0.496,0.536,0,1.212,1.078
277,1.554,1.514,0.496,0.536,0,1.213,1.008
278,1.554,1.514,0.496,0.536,0,1.214,1.084
279,1.554,1.514,0.496,0.536,0,1.213,1.082
280,1.554,1.514,0.496,0.536,0,1.212,1.078
281,1.573,1.514,0.477,0.536,0,1.211,1.079
282,1.554,1.514,0.496,0.536,0,1.213,1.081
283,1.554,1.514,0.496,0.536,0,1.213,1.083
284,1.554,1.514,0.496,0.536,0,1.213,1.081
285,1.573,1.514,0.477,0.536,0,1.212,1.227
286,1.592,1.552,0.458,0.498,0,1.212,1.115
287,1.611,1.552,0.439,0.498,0,1.211,1.153
288,1.611,1.571,0.439,0.479,0,1.212,1.081
289,1.611,1.571,0.439,0.479,0,1.212,1.08
290,1.611,1.571,0.439,0.479,0,1.213,1.153
291,1.611,1.571,0.439,0.479,0,1.212,1.228
292,1.611,1.571,0.439,0.479,0,1.212,1.226
293,1.611,1.571,0.439,0.479,0,1.213,1.228
294,1.611,1.571,0.439,0.479,0,1.212,1.228
295,1.611,1.571,0.439,0.479,0,1.211,1.226
296,1.611,1.571,0.439,0.479,0,1.213,1.375
297,1.611,1.571,0.439,0.479,0,1.212,1.372
298,1.611,1.571,0.439,0.479,0,1.213,1.374
299,1.611,1.571,0.439,0.479,0,1.213,1.373
300,1.611,1.571,0.439,0.479,0,1.212,1.374
301,1.611,1.571,0.439,0.479,0,1.213,1.52
302,1.611,1.571,0.439,0.479,0,1.212,1.521
303,1.611,1.571,0.439,0.479,0,1.212,1.373
304,1.611,1.571,0.439,0.479,0,1.213,1.52
305,1.611,1.571,0.439,0.479,0,1.213,1.52
306,1.611,1.571,0.439,0.479,0,1.211,1.521
307,1.611,1.571,0.439,0.479,0,1.212,1.52
308,1.611,1.571,0.439,0.479,0,1.211,1.591
309,1.611,1.571,0.439,0.479,0,1.212,1.52
310,1.611,1.571,0.439,0.479,0,1.212,1.521
311,1.611,1.571,0.439,0.479,0,1.212,1.663
312,1.611,1.571,0.439,0.479,0,1.212,1.664
313,1.611,1.571,0.439,0.479,0,1.212,1.664
314,1.611,1.571,0.439,0.479,0,1.212,1.664
315,1.611,1.571,0.439,0.479,0,1.212,1.663
316,1.611,1.571,0.439,0.479,0,1.211,1.807
317,1.611,1.571,0.439,0.479,0,1.212,1.807
318,1.611,1.571,0.439,0.479,0,1.212,1.808
319,1.63,1.571,0.42,0.479,0,1.212,2.025
320,1.63,1.571,0.42,0.479,0,1.212,2.048
321,1.63,1.571,0.42,0.479,0,1.212,2.026
322,1.63,1.571,0.42,0.479,0,1.212,2.098
323,1.63,1.571,0.42,0.479,0,1.212,2.098
324,1.63,1.571,0.42,0.479,0,1.212,2.17
325,1.611,1.571,0.439,0.479,0,1.212,2.242
326,1.63,1.571,0.42,0.479,0,1.212,2.315
327,1.63,1.571,0.42,0.479,0,1.212,2.242
328,1.63,1.571,0.42,0.479,0,1.212,2.242
329,1.63,1.571,0.42,0.479,0,1.212,2.316
330,1.63,1.571,0.42,0.479,0,1.212,2.242
331,1.63,1.571,0.42,0.479,0,1.212,2.243
332,1.611,1.571,0.439,0.479,0,1.212,2.243
333,1.611,1.571,0.439,0.479,0,1.212,2.326
334,1.63,1.571,0.42,0.479,0,1.212,2.316
335,1.63,1.571,0.42,0.479,0,1.212,2.389
336,1.63,1.571,0.42,0.479,0,1.212,2.388
337,1.63,1.571,0.42,0.479,0,1.212,2.242
338,1.63,1.571,0.42,0.479,0,1.212,2.389
339,1.63,1.571,0.42,0.479,0,1.212,2.389
340,1.63,1.571,0.42,0.479,0,1.212,2.316
341,1.63,1.571,0.42,0.479,0,1.212,2.389
342,1.63,1.571,0.42,0.479,0,1.212,2.243
343,1.63,1.571,0.42,0.479,0,1.212,2.243
344,1.63,1.571,0.42,0.479,0,1.212,2.243
345,1.63,1.571,0.42,0.479,0,1.212,2.316
346,1.611,1.571,0.439,0.479,0,1.212,2.242
347,1.611,1.552,0.439,0.498,0,1.212,2.244
348,1.611,1.552,0.439,0.498,0,1.212,2.316
349,1.611,1.552,0.439,0.498,0,1.212,2.242
350,1.611,1.552,0.439,0.498,0,1.212,2.316
351,1.611,1.552,0.439,0.498,0,1.212,2.242
352,1.611,1.552,0.439,0.498,0,1.212,2.243
353,1.63,1.552,0.42,0.498,0,1.212,2.316
354,1.63,1.552,0.42,0.498,0,1.212,2.243
355,1.63,1.552,0.42,0.498,0,1.212,2.243
356,1.63,1.552,0.42,0.498,0,1.212,2.243
357,1.63,1.552,0.42,0.498,0,1.212,2.243
358,1.63,1.552,0.42,0.498,0,1.212,2.316
359,1.63,1.552,0.42,0.498,0,1.212,2.389
360,1.63,1.552,0.42,0.498,0,1.212,2.389
361,1.63,1.552,0.42,0.498,0,1.212,2.243
362,1.63,1.552,0.42,0.498,0,1.212,2.242
363,1.63,1.552,0.42,0.498,0,1.212,2.316
364,1.611,1.552,0.439,0.498,0,1.212,2.389
365,1.611,1.552,0.439,0.498,0,1.212,2.389
366,1.63,1.552,0.42,0.498,0,1.212,2.316
367,1.611,1.533,0.439,0.517,0,1.212,2.363
368,1.611,1.533,0.439,0.517,0,1.212,2.243
369,1.611,1.533,0.439,0.517,0,1.212,2.316
370,1.611,1.552,0.439,0.498,0,1.212,2.389
371,1.611,1.552,0.439,0.498,0,1.212,2.315
372,1.611,1.552,0.439,0.498,0,1.212,2.266
373,1.611,1.552,0.439,0.498,0,1.212,2.243
374,1.611,1.552,0.439,0.498,0,1.212,2.316
375,1.611,1.552,0.439,0.498,0,1.212,2.388
376,1.611,1.552,0.439,0.498,0,1.212,2.316
377,1.611,1.533,0.439,0.517,0,1.212,2.242
378,1.611,1.533,0.439,0.517,0,1.212,2.243
379,1.611,1.533,0.439,0.517,0,1.212,2.317
380,1.611,1.533,0.439,0.517,0,1.212,2.243
381,1.611,1.533,0.439,0.517,0,1.212,2.242
382,1.611,1.533,0.439,0.517,0,1.212,2.316
383,1.611,1.533,0.439,0.517,0,1.212,2.243
384,1.611,1.533,0.439,0.517,0,1.212,2.316
385,1.611,1.533,0.439,0.517,0,1.212,2.243
386,1.611,1.533,0.439,0.517,0,1.212,2.243
387,1.592,1.533,0.458,0.517,0,1.212,2.243
388,1.592,1.533,0.458,0.517,0,1.212,2.244
389,1.592,1.533,0.458,0.517,0,1.212,2.388
390,1.592,1.533,0.458,0.517,0,1.212,2.316
391,1.592,1.533,0.458,0.517,0,1.212,2.388
392,1.592,1.533,0.458,0.517,0,1.212,2.243
393,1.592,1.533,0.458,0.517,0,1.212,2.386
394,1.611,1.533,0.439,0.517,0,1.212,2.389
395,1.63,1.533,0.42,0.517,0,1.212,2.316
396,1.63,1.552,0.42,0.498,0,1.212,2.389
397,1.63,1.552,0.42,0.498,0,1.212,2.242
398,1.63,1.552,0.42,0.498,0,1.212,2.242
399,1.63,1.552,0.42,0.498,0,1.212,2.242
400,1.63,1.552,0.42,0.498,0,1.212,2.316
401,1.63,1.533,0.42,0.517,0,1.212,2.311
402,1.611,1.533,0.439,0.517,0,1.212,2.242
403,1.63,1.533,0.42,0.517,0,1.212,2.315
404,1.611,1.552,0.439,0.498,0,1.212,2.243
405,1.611,1.533,0.439,0.517,0,1.212,2.243
406,1.611,1.533,0.439,0.517,0,1.212,2.243
407,1.611,1.533,0.439,0.517,0,1.212,2.243
408,1.611,1.533,0.439,0.517,0,1.212,2.316
409,1.611,1.533,0.439,0.517,0,1.212,2.243
410,1.611,1.533,0.439,0.517,0,1.212,2.389
411,1.611,1.533,0.439,0.517,0,1.212,2.243
412,1.611,1.533,0.439,0.517,0,1.212,2.243
413,1.611,1.533,0.439,0.517,0,1.212,2.316
414,1.611,1.533,0.439,0.517,0,1.212,2.34
415,1.611,1.533,0.439,0.517,0,1.212,2.389
416,1.611,1.533,0.439,0.517,0,1.212,2.316
417,1.611,1.533,0.439,0.517,0,1.212,2.388
418,1.611,1.533,0.439,0.517,0,1.212,2.243
419,1.611,1.533,0.439,0.517,0,1.212,2.315
420,1.611,1.533,0.439,0.517,0,1.212,2.388
421,1.611,1.533,0.439,0.517,0,1.212,2.316
422,1.611,1.533,0.439,0.517,0,1.212,2.389
423,1.592,1.533,0.458,0.517,0,1.212,2.243
424,1.592,1.533,0.458,0.517,0,1.212,2.242
425,1.592,1.533,0.458,0.517,0,1.212,2.243
426,1.592,1.533,0.458,0.517,0,1.212,2.243
427,1.592,1.533,0.458,0.517,0,1.212,2.316
428,1.592,1.533,0.458,0.517,0,1.212,2.243
429,1.592,1.533,0.458,0.517,0,1.212,2.316
430,1.63,1.552,0.42,0.498,0,1.212,2.243
431,1.649,1.571,0.401,0.479,0,1.212,2.243
432,1.63,1.552,0.42,0.498,0,1.212,2.316
433,1.63,1.552,0.42,0.498,0,1.212,2.243
434,1.63,1.552,0.42,0.498,0,1.212,2.316
435,1.63,1.552,0.42,0.498,0,1.212,2.341
436,1.63,1.552,0.42,0.498,0,1.652,2.388
437,1.63,1.552,0.42,0.498,0,2.093,1.134
438,1.649,1.571,0.401,0.479,0,2.093,0.027
439,1.649,1.571,0.401,0.479,0,2.093,0.027
440,1.649,1.571,0.401,0.479,0,2.093,0.027
441,1.63,1.571,0.42,0.479,0,2.093,0.027
442,1.63,1.571,0.42,0.479,0,2.093,0.027
443,1.63,1.571,0.42,0.479,0,2.093,0.027
444,1.63,1.571,0.42,0.479,0,2.093,0.027
445,1.63,1.552,0.42,0.498,0,2.093,0.027
446,1.63,1.552,0.42,0.498,0,2.093,0.027
447,1.63,1.552,0.42,0.498,0,2.093,0.027
448,1.63,1.552,0.42,0.498,0,2.093,0.027
449,1.63,1.552,0.42,0.498,0,2.093,0.027
450,1.63,1.552,0.42,0.498,0,2.093,0.027
451,1.63,1.552,0.42,0.498,0,2.093,0.027
452,1.63,1.552,0.42,0.498,0,2.093,0.027
453,1.611,1.552,0.439,0.498,0,2.093,0.027
454,1.611,1.552,0.439,0.498,0,2.093,0.027
455,1.611,1.552,0.439,0.498,0,2.093,0.027
456,1.611,1.552,0.439,0.498,0,2.093,0.027
457,1.611,1.552,0.439,0.498,0,2.093,0.027
458,1.611,1.552,0.439,0.498,0,2.093,0.027
459,1.611,1.552,0.439,0.498,0,2.093,0.027
460,1.611,1.533,0.439,0.517,0,2.093,0.027
461,1.611,1.533,0.439,0.517,0,0.616,0.027
462,1.611,1.533,0.439,0.517,0,0.617,2.243
463,1.611,1.533,0.439,0.517,0,0.616,2.336
464,1.611,1.533,0.439,0.517,0,0.616,2.243
465,1.611,1.533,0.439,0.517,0,0.616,2.243
466,1.611,1.533,0.439,0.517,0,0.617,2.243
467,1.611,1.533,0.439,0.517,0,0.617,2.244
468,1.611,1.533,0.439,0.517,0,0.617,2.098
469,1.611,1.533,0.439,0.517,0,0.617,2.097
470,1.611,1.533,0.439,0.517,0,0.617,2.242
471,1.611,1.533,0.439,0.517,0,0.616,2.171
472,1.611,1.533,0.439,0.517,0,0.617,2.098
473,1.611,1.533,0.439,0.517,0,0.617,2.097
474,1.611,1.533,0.439,0.517,0,0.617,2.098
475,1.611,1.533,0.439,0.517,0,0.617,2.098
476,1.611,1.533,0.439,0.517,0,0.616,2.098
477,1.611,1.533,0.439,0.517,0,0.617,2.098
478,1.611,1.533,0.439,0.517,0,0.617,2.097
479,1.611,1.533,0.439,0.517,0,0.616,2.171
480,1.611,1.533,0.439,0.517,0,0.616,2.098
481,1.611,1.533,0.439,0.517,0,0.617,2.098
482,1.611,1.533,0.439,0.517,0,0.616,2.098
483,1.611,1.514,0.439,0.536,0,0.616,2.098
484,1.611,1.514,0.439,0.536,0,0.617,2.098
485,1.611,1.514,0.439,0.536,0,0.617,2.025
486,1.611,1.514,0.439,0.536,0,0.617,1.952
487,1.611,1.514,0.439,0.536,0,0.617,2.025
488,1.611,1.514,0.439,0.536,0,0.617,1.952
489,1.611,1.514,0.439,0.536,0,0.617,1.952
490,1.611,1.514,0.439,0.536,0,0.617,1.952
491,1.611,1.514,0.439,0.536,0,0.617,2.098
492,1.611,1.514,0.439,0.536,0,0.616,2.098
493,1.592,1.514,0.458,0.536,0,0.617,1.952
494,1.592,1.514,0.458,0.536,0,0.617,1.952
495,1.592,1.514,0.458,0.536,0,0.616,1.952
496,1.592,1.514,0.458,0.536,0,0.616,1.952
497,1.592,1.514,0.458,0.536,0,0.617,1.952
498,1.592,1.514,0.458,0.536,0,0.617,2.025
499,1.592,1.514,0.458,0.536,0,0.616,1.952
500,1.592,1.514,0.458,0.536,0,0.616,1.952
501,1.592,1.514,0.458,0.536,0,0.617,1.952
502,1.592,1.514,0.458,0.536,0,0.617,2.098
503,1.592,1.514,0.458,0.536,0,0.617,2.025
504,1.592,1.495,0.458,0.555,0,0.617,1.808
505,1.592,1.495,0.458,0.555,0,0.617,1.869
506,1.573,1.495,0.477,0.555,0,0.617,1.88
507,1.573,1.495,0.477,0.555,0,0.617,1.952
508,1.573,1.495,0.477,0.555,0,0.616,1.88
509,1.592,1.495,0.458,0.555,0,0.617,1.808
510,1.592,1.495,0.458,0.555,0,0.617,1.952
511,1.592,1.514,0.458,0.536,0,0.617,1.88
512,1.573,1.495,0.477,0.555,0,0.617,1.952
513,1.573,1.495,0.477,0.555,0,0.617,1.952
514,1.573,1.495,0.477,0.555,0,0.617,1.808
515,1.573,1.495,0.477,0.555,0,0.615,1.664
516,1.573,1.495,0.477,0.555,0,0.616,1.663
517,1.573,1.495,0.477,0.555,0,0.617,1.662
518,1.573,1.495,0.477,0.555,0,0.617,1.664
519,1.573,1.495,0.477,0.555,0,0.617,1.592
520,1.573,1.495,0.477,0.555,0,0.615,1.664
521,1.573,1.495,0.477,0.555,0,0.617,1.664
522,1.573,1.495,0.477,0.555,0,0.615,1.521
523,1.573,1.495,0.477,0.555,0,0.617,1.519
524,1.573,1.495,0.477,0.555,0,0.617,1.519
525,1.554,1.495,0.496,0.555,0,0.616,1.521
526,1.554,1.495,0.496,0.555,0,0.617,1.519
527,1.573,1.495,0.477,0.555,0,0.615,1.447
528,1.573,1.495,0.477,0.555,0,0.617,1.373
529,1.573,1.495,0.477,0.555,0,0.617,1.373
530,1.592,1.514,0.458,0.536,0,0.615,1.375
531,1.592,1.514,0.458,0.536,0,0.617,1.373
532,1.611,1.514,0.439,0.536,0,0.616,1.374
533,1.649,1.533,0.401,0.517,0,0.617,1.373
534,1.649,1.533,0.401,0.517,0,0.618,1.372
535,1.649,1.552,0.401,0.498,0,0.616,1.228
536,1.649,1.552,0.401,0.498,0,0.615,1.227
537,1.649,1.552,0.401,0.498,0,0.617,1.226
538,1.649,1.552,0.401,0.498,0,0.616,1.226
539,1.649,1.552,0.401,0.498,0,0.616,1.226
540,1.649,1.552,0.401,0.498,0,0.618,1.227
541,1.649,1.552,0.401,0.498,0,0.615,1.078
542,1.649,1.552,0.401,0.498,0,0.618,1.081
543,1.649,1.552,0.401,0.498,0,0.615,1.153
544,1.649,1.552,0.401,0.498,0,0.618,1.083
545,1.649,1.552,0.401,0.498,0,0.617,1.08
546,1.649,1.552,0.401,0.498,0,0.615,1.078
547,1.649,1.552,0.401,0.498,0,0.615,1.078
548,1.668,1.552,0.382,0.498,0,0.615,1.078
549,1.668,1.552,0.382,0.498,0,0.617,1.081
550,1.668,1.552,0.382,0.498,0,0.618,1.084
551,1.687,1.571,0.363,0.479,0,0.62,1.084
552,1.706,1.609,0.344,0.441,0,0.618,1.081
553,1.706,1.609,0.344,0.441,0,0.616,1.005
554,1.687,1.609,0.363,0.441,0,0.618,1.08
555,1.668,1.59,0.382,0.46,0,0.618,1.078
556,1.668,1.59,0.382,0.46,0,0.615,1.005
557,1.668,1.609,0.382,0.441,0,0.617,1.084
558,1.668,1.609,0.382,0.441,0,0.616,1.078
559,1.687,1.609,0.363,0.441,0,0.62,0.931
560,1.678,1.609,0.372,0.441,0,0.619,0.931
561,1.668,1.609,0.382,0.441,0,0.617,0.933
562,1.668,1.609,0.382,0.441,0,0.615,0.932
563,1.668,1.609,0.382,0.441,0,0.615,0.93
564,1.668,1.609,0.382,0.441,0,0.615,0.856
565,1.687,1.609,0.363,0.441,0,0.615,0.842
566,1.687,1.609,0.363,0.441,0,0.617,0.93
567,1.706,1.609,0.344,0.441,0,0.62,0.782
568,1.725,1.628,0.325,0.422,0,0.619,0.784
569,1.725,1.647,0.325,0.403,0,0.62,0.856
570,1.725,1.647,0.325,0.403,0,0.62,0.781
571,1.706,1.628,0.344,0.422,0,0.616,0.781
572,1.706,1.628,0.344,0.422,0,0.617,0.859
573,1.706,1.628,0.344,0.422,0,0.617,0.88
574,1.706,1.628,0.344,0.422,0,0.618,0.856
575,1.725,1.628,0.325,0.422,0,0.616,0.786
576,1.725,1.628,0.325,0.422,0,0.618,0.781
577,1.725,1.628,0.325,0.422,0,0.62,0.784
578,1.725,1.647,0.325,0.403,0,0.617,0.93
579,1.725,1.647,0.325,0.403,0,2.093,0.93
580,1.725,1.647,0.325,0.403,0,2.093,0.027
581,1.725,1.628,0.325,0.422,0,2.093,0.027
582,1.725,1.628,0.325,0.422,0,2.093,0.027
583,1.706,1.628,0.344,0.422,0,2.093,0.027
584,1.706,1.628,0.344,0.422,0,2.093,0.027
585,1.706,1.628,0.344,0.422,0,2.093,0.027
586,1.706,1.628,0.344,0.422,0,2.093,0.027
587,1.706,1.628,0.344,0.422,0,2.093,0.027
588,1.725,1.628,0.325,0.422,0,2.093,0.027
589,1.725,1.628,0.325,0.422,0,2.093,0.027
590,1.706,1.628,0.344,0.422,0,2.093,0.027
591,1.706,1.628,0.344,0.422,0,2.093,0.027
592,1.706,1.628,0.344,0.422,0,2.093,0.027
593,1.706,1.628,0.344,0.422,0,2.093,0.027
594,1.706,1.628,0.344,0.422,0,2.093,0.027
595,1.706,1.628,0.344,0.422,0,2.093,0.027
596,1.706,1.628,0.344,0.422,0,2.093,0.027
597,1.706,1.628,0.344,0.422,0,2.093,0.027
598,1.706,1.628,0.344,0.422,0,2.093,0.027
599,1.706,1.628,0.344,0.422,0,2.093,0.027
600,1.695,1.628,0.355,0.422,0,2.093,0.027
601,1.687,1.628,0.363,0.422,0,2.093,0.027
602,1.687,1.628,0.363,0.422,0,2.092,0.027
603,1.687,1.628,0.363,0.422,0,2.093,0.027
604,1.687,1.628,0.363,0.422,0,2.093,0.027
605,1.687,1.628,0.363,0.422,0,1.506,0.03
606,1.687,1.628,0.363,0.422,0,1.509,0.333
607,1.687,1.628,0.363,0.422,0,1.504,0.332
608,1.706,1.628,0.344,0.422,0,1.506,0.334
609,1.706,1.628,0.344,0.422,0,1.509,0.335
610,1.706,1.628,0.344,0.422,0,1.505,0.332
611,1.687,1.628,0.363,0.422,0,1.505,0.409
612,1.687,1.628,0.363,0.422,0,1.504,0.332
613,1.687,1.628,0.363,0.422,0,1.507,0.482
614,1.687,1.609,0.363,0.441,0,1.507,0.411
615,1.687,1.609,0.363,0.441,0,1.505,0.488
616,1.687,1.609,0.363,0.441,0,1.504,0.41
617,1.687,1.609,0.363,0.441,0,1.504,0.486
618,1.687,1.609,0.363,0.441,0,1.506,0.488
619,1.687,1.609,0.363,0.441,0,1.509,0.484
620,1.687,1.609,0.363,0.441,0,1.506,0.482
621,1.687,1.609,0.363,0.441,0,1.504,0.482
622,1.668,1.609,0.382,0.441,0,1.506,0.561
623,1.668,1.609,0.382,0.441,0,1.505,0.482
624,1.668,1.609,0.382,0.441,0,1.506,0.56
625,1.668,1.609,0.382,0.441,0,1.504,0.488
626,1.668,1.609,0.382,0.441,0,1.506,0.484
627,1.668,1.609,0.382,0.441,0,1.505,0.559
628,1.668,1.609,0.382,0.441,0,1.504,0.638
629,1.668,1.609,0.382,0.441,0,1.505,0.639
630,1.668,1.609,0.382,0.441,0,1.504,0.712
631,1.668,1.609,0.382,0.441,0,1.504,0.787
632,1.668,1.609,0.382,0.441,0,1.507,0.708
633,1.668,1.609,0.382,0.441,0,1.505,0.637
634,1.668,1.609,0.382,0.441,0,1.505,0.636
635,1.668,1.609,0.382,0.441,0,1.505,0.783
636,1.668,1.59,0.382,0.46,0,1.504,0.784
637,1.668,1.59,0.382,0.46,0,1.508,0.935
638,1.649,1.59,0.401,0.46,0,1.509,0.782
639,1.649,1.59,0.401,0.46,0,1.509,0.781
640,1.649,1.59,0.401,0.46,0,1.505,0.859
641,1.649,1.59,0.401,0.46,0,1.506,0.85
642,1.649,1.59,0.401,0.46,0,1.507,0.93
643,1.649,1.59,0.401,0.46,0,1.504,0.781
644,1.649,1.59,0.401,0.46,0,1.505,0.781
645,1.649,1.59,0.401,0.46,0,1.507,0.781
646,1.649,1.59,0.401,0.46,0,1.509,0.931
647,1.649,1.59,0.401,0.46,0,1.507,0.935
648,1.63,1.59,0.42,0.46,0,1.506,0.861
649,1.649,1.59,0.401,0.46,0,1.504,0.931
650,1.649,1.571,0.401,0.479,0,1.509,0.931
651,1.63,1.571,0.42,0.479,0,1.504,0.933
652,1.63,1.571,0.42,0.479,0,1.504,0.93
653,1.63,1.571,0.42,0.479,0,1.507,0.93
654,1.63,1.571,0.42,0.479,0,1.505,0.932
655,1.63,1.571,0.42,0.479,0,1.505,0.932
656,1.63,1.571,0.42,0.479,0,1.505,1.004
657,1.63,1.571,0.42,0.479,0,1.504,0.93
658,1.63,1.571,0.42,0.479,0,1.506,1.078
659,1.63,1.571,0.42,0.479,0,1.507,1.006
660,1.63,1.571,0.42,0.479,0,1.504,0.93
661,1.63,1.571,0.42,0.479,0,1.507,1.081
662,1.63,1.571,0.42,0.479,0,1.509,1.083
663,1.63,1.571,0.42,0.479,0,1.506,1.083
664,1.611,1.571,0.439,0.479,0,1.505,1.08
665,1.611,1.571,0.439,0.479,0,1.506,1.081
666,1.611,1.571,0.439,0.479,0,1.506,1.083
667,1.611,1.571,0.439,0.479,0,1.505,1.08
668,1.611,1.552,0.439,0.498,0,1.506,1.083
669,1.611,1.571,0.439,0.479,0,1.504,1.079
670,1.611,1.571,0.439,0.479,0,1.506,1.081
671,1.611,1.571,0.439,0.479,0,1.505,1.226
672,1.611,1.552,0.439,0.498,0,1.506,1.228
673,1.611,1.571,0.439,0.479,0,1.505,1.078
674,1.611,1.552,0.439,0.498,0,1.506,1.228
675,1.611,1.552,0.439,0.498,0,1.504,1.228
676,1.611,1.552,0.439,0.498,0,1.505,1.227
677,1.611,1.552,0.439,0.498,0,1.506,1.226
678,1.611,1.552,0.439,0.498,0,1.505,1.228
679,1.611,1.552,0.439,0.498,0,1.506,1.3
680,1.611,1.552,0.439,0.498,0,1.505,1.372
681,1.611,1.571,0.439,0.479,0,1.505,1.375
682,1.611,1.571,0.439,0.479,0,1.506,1.374
683,1.611,1.571,0.439,0.479,0,1.506,1.372
684,1.611,1.571,0.439,0.479,0,1.505,1.375
685,1.611,1.571,0.439,0.479,0,1.505,1.508
686,1.592,1.571,0.458,0.479,0,1.505,1.373
687,1.592,1.571,0.458,0.479,0,1.505,1.446
688,1.611,1.571,0.439,0.479,0,1.505,1.52
689,1.611,1.571,0.439,0.479,0,1.505,1.52
690,1.611,1.571,0.439,0.479,0,1.507,1.52
691,1.592,1.571,0.458,0.479,0,1.505,1.52
692,1.592,1.571,0.458,0.479,0,1.506,1.592
693,1.592,1.571,0.458,0.479,0,1.504,1.52
694,1.592,1.552,0.458,0.498,0,1.505,1.664
695,1.592,1.552,0.458,0.498,0,1.505,1.664
696,1.592,1.552,0.458,0.498,0,1.506,1.662
697,1.592,1.552,0.458,0.498,0,1.505,1.663
698,1.592,1.552,0.458,0.498,0,1.505,1.664
699,1.592,1.552,0.458,0.498,0,1.505,1.952
700,1.592,1.552,0.458,0.498,0,1.505,1.808
701,1.592,1.552,0.458,0.498,0,1.504,1.808
702,1.592,1.552,0.458,0.498,0,1.505,1.88
703,1.592,1.552,0.458,0.498,0,1.505,1.952
704,1.592,1.552,0.458,0.498,0,1.506,1.952
705,1.592,1.552,0.458,0.498,0,1.505,2.098
706,1.592,1.552,0.458,0.498,0,1.505,2.098
707,1.592,1.552,0.458,0.498,0,1.505,2.17
708,1.592,1.552,0.458,0.498,0,1.505,2.243
709,1.592,1.552,0.458,0.498,0,1.505,2.389
710,1.573,1.552,0.477,0.498,0,1.505,2.243
711,1.573,1.552,0.477,0.498,0,1.505,2.243
712,1.573,1.552,0.477,0.498,0,1.505,2.316
713,1.573,1.552,0.477,0.498,0,1.506,2.243
714,1.573,1.552,0.477,0.498,0,1.505,2.388
715,1.573,1.552,0.477,0.498,0,1.505,2.242
716,1.573,1.552,0.477,0.498,0,1.505,2.242
717,1.573,1.552,0.477,0.498,0,1.505,2.243
718,1.592,1.571,0.458,0.479,0,1.505,2.243
719,1.573,1.552,0.477,0.498,0,1.505,2.389
720,1.573,1.552,0.477,0.498,0,1.505,2.316
721,1.573,1.552,0.477,0.498,0,1.505,2.388
722,1.573,1.552,0.477,0.498,0,1.505,2.242
723,1.573,1.552,0.477,0.498,0,1.505,2.243
724,1.573,1.552,0.477,0.498,0,1.505,2.389
725,1.573,1.571,0.477,0.479,0,1.505,2.316
726,1.592,1.571,0.458,0.479,0,1.505,2.389
727,1.592,1.571,0.458,0.479,0,1.505,2.242
728,1.592,1.571,0.458,0.479,0,1.505,2.367
729,1.592,1.571,0.458,0.479,0,1.505,2.243
730,1.592,1.571,0.458,0.479,0,1.505,2.316
731,1.592,1.571,0.458,0.479,0,1.505,2.388
732,1.592,1.571,0.458,0.479,0,1.505,2.242
733,1.592,1.571,0.458,0.479,0,1.505,2.343
734,1.592,1.571,0.458,0.479,0,1.505,2.244
735,1.592,1.571,0.458,0.479,0,1.505,2.389
736,1.592,1.571,0.458,0.479,0,1.505,2.243
737,1.592,1.59,0.458,0.46,0,1.505,2.242
738,1.592,1.571,0.458,0.479,0,1.505,2.316
739,1.592,1.571,0.458,0.479,0,1.505,2.243
740,1.592,1.571,0.458,0.479,0,1.505,2.389
741,1.592,1.571,0.458,0.479,0,1.505,2.243
742,1.592,1.571,0.458,0.479,0,1.505,2.243
743,1.592,1.571,0.458,0.479,0,1.505,2.243
744,1.592,1.571,0.458,0.479,0,2.093,2.242
745,1.592,1.571,0.458,0.479,0,2.093,0.027
746,1.592,1.571,0.458,0.479,0,2.093,0.027
747,1.592,1.571,0.458,0.479,0,2.093,0.027
748,1.592,1.571,0.458,0.479,0,2.093,0.027
749,1.573,1.571,0.477,0.479,0,2.093,0.027
750,1.573,1.571,0.477,0.479,0,2.093,0.027
751,1.573,1.571,0.477,0.479,0,2.093,0.027
752,1.573,1.571,0.477,0.479,0,2.093,0.027
753,1.573,1.571,0.477,0.479,0,2.093,0.027
754,1.573,1.571,0.477,0.479,0,2.093,0.027
755,1.573,1.571,0.477,0.479,0,2.093,0.027
756,1.573,1.571,0.477,0.479,0,2.093,0.027
757,1.573,1.571,0.477,0.479,0,2.093,0.027
758,1.573,1.571,0.477,0.479,0,2.093,0.027
759,1.573,1.571,0.477,0.479,0,2.093,0.027
760,1.573,1.571,0.477,0.479,0,2.093,0.027
761,1.573,1.571,0.477,0.479,0,2.093,0.027
762,1.573,1.571,0.477,0.479,0,2.093,0.027
763,1.573,1.571,0.477,0.479,0,2.093,0.027
764,1.554,1.571,0.496,0.479,0,2.093,0.027
765,1.554,1.571,0.496,0.479,0,2.093,0.027
766,1.554,1.571,0.496,0.479,0,2.093,0.027
767,1.554,1.571,0.496,0.479,0,2.092,0.027
768,1.554,1.571,0.496,0.479,0,1.505,0.027
769,1.554,1.571,0.496,0.479,0,0.918,1.208
770,1.554,1.571,0.496,0.479,0,0.917,2.388
771,1.554,1.571,0.496,0.479,0,0.916,2.389
772,1.554,1.571,0.496,0.479,0,0.917,2.498
773,1.554,1.571,0.496,0.479,0,0.916,2.498
774,1.554,1.571,0.496,0.479,0,0.916,2.316
775,1.554,1.571,0.496,0.479,0,0.917,2.243
776,1.554,1.571,0.496,0.479,0,0.917,2.243
777,1.554,1.571,0.496,0.479,0,0.918,2.316
778,1.554,1.571,0.496,0.479,0,0.917,2.243
779,1.554,1.571,0.496,0.479,0,0.916,2.243
780,1.554,1.571,0.496,0.479,0,0.917,2.242
781,1.554,1.571,0.496,0.479,0,0.918,2.243
782,1.573,1.571,0.477,0.479,0,0.916,2.243
783,1.573,1.571,0.477,0.479,0,0.917,2.243
784,1.573,1.571,0.477,0.479,0,0.917,2.242
785,1.573,1.571,0.477,0.479,0,0.917,2.388
786,1.573,1.571,0.477,0.479,0,0.917,2.389
787,1.573,1.571,0.477,0.479,0,0.916,2.243
788,1.573,1.571,0.477,0.479,0,0.917,2.242
789,1.573,1.571,0.477,0.479,0,0.917,2.242
790,1.573,1.571,0.477,0.479,0,0.917,2.389
791,1.573,1.571,0.477,0.479,0,0.917,2.388
792,1.573,1.571,0.477,0.479,0,0.916,2.098
793,1.592,1.571,0.458,0.479,0,0.916,2.098
794,1.592,1.59,0.458,0.46,0,0.916,2.098
795,1.573,1.59,0.477,0.46,0,0.918,2.098
796,1.573,1.59,0.477,0.46,0,0.917,2.098
797,1.573,1.59,0.477,0.46,0,0.917,2.17
798,1.573,1.59,0.477,0.46,0,0.917,2.098
799,1.573,1.59,0.477,0.46,0,0.917,2.097
800,1.573,1.59,0.477,0.46,0,0.916,2.098
801,1.573,1.59,0.477,0.46,0,0.916,2.098
802,1.592,1.59,0.458,0.46,0,0.917,2.098
803,1.573,1.59,0.477,0.46,0,0.916,2.098
804,1.573,1.59,0.477,0.46,0,0.917,2.098
805,1.573,1.59,0.477,0.46,0,0.916,2.098
806,1.573,1.59,0.477,0.46,0,0.916,2.098
807,1.573,1.59,0.477,0.46,0,0.916,2.098
808,1.573,1.59,0.477,0.46,0,0.918,2.098
809,1.573,1.59,0.477,0.46,0,0.917,2.098
810,1.573,1.59,0.477,0.46,0,0.918,1.952
811,1.573,1.571,0.477,0.479,0,0.918,1.952
812,1.573,1.571,0.477,0.479,0,0.917,1.952
813,1.573,1.571,0.477,0.479,0,0.916,1.952
814,1.573,1.571,0.477,0.479,0,0.917,1.952
815,1.592,1.571,0.458,0.479,0,0.918,2.025
816,1.592,1.571,0.458,0.479,0,0.916,1.951
817,1.592,1.59,0.458,0.46,0,0.917,1.952
818,1.592,1.59,0.458,0.46,0,0.916,2.098
819,1.592,1.571,0.458,0.479,0,0.917,2.098
820,1.592,1.571,0.458,0.479,0,0.918,1.808
821,1.573,1.59,0.477,0.46,0,0.916,1.808
822,1.573,1.59,0.477,0.46,0,0.918,1.808
823,1.573,1.59,0.477,0.46,0,0.916,1.663
824,1.592,1.59,0.458,0.46,0,0.918,1.662
825,1.592,1.609,0.458,0.441,0,0.918,1.736
826,1.592,1.609,0.458,0.441,0,0.918,1.808
827,1.592,1.59,0.458,0.46,0,0.917,1.663
828,1.592,1.59,0.458,0.46,0,0.918,1.662
829,1.592,1.59,0.458,0.46,0,0.916,1.52
830,1.592,1.59,0.458,0.46,0,0.918,1.52
831,1.592,1.59,0.458,0.46,0,0.916,1.52
832,1.592,1.59,0.458,0.46,0,0.917,1.591
833,1.611,1.59,0.439,0.46,0,0.916,1.52
834,1.611,1.59,0.439,0.46,0,0.918,1.52
835,1.611,1.59,0.439,0.46,0,0.916,1.447
836,1.611,1.609,0.439,0.441,0,0.916,1.372
837,1.611,1.609,0.439,0.441,0,0.918,1.447
838,1.611,1.609,0.439,0.441,0,0.916,1.372
839,1.611,1.609,0.439,0.441,0,0.917,1.374
840,1.611,1.609,0.439,0.441,0,0.916,1.446
841,1.611,1.609,0.439,0.441,0,0.916,1.372
842,1.63,1.609,0.42,0.441,0,0.916,1.3
843,1.63,1.609,0.42,0.441,0,0.916,1.227
844,1.63,1.609,0.42,0.441,0,0.918,1.375
845,1.63,1.609,0.42,0.441,0,0.916,1.301
846,1.63,1.609,0.42,0.441,0,0.916,1.225
847,1.63,1.609,0.42,0.441,0,0.918,1.227
848,1.63,1.609,0.42,0.441,0,0.918,1.226
849,1.63,1.609,0.42,0.441,0,0.917,1.228
850,1.63,1.609,0.42,0.441,0,0.918,1.226
851,1.63,1.609,0.42,0.441,0,0.916,1.225
852,1.63,1.609,0.42,0.441,0,0.916,1.153
853,1.63,1.609,0.42,0.441,0,0.916,1.227
854,1.63,1.609,0.42,0.441,0,0.918,1.228
855,1.63,1.609,0.42,0.441,0,0.916,1.153
856,1.63,1.609,0.42,0.441,0,0.916,1.079
857,1.63,1.609,0.42,0.441,0,0.917,1.154
858,1.649,1.609,0.401,0.441,0,0.916,1.156
859,1.649,1.628,0.401,0.422,0,0.916,1.079
860,1.63,1.628,0.42,0.422,0,0.916,1.079
861,1.63,1.609,0.42,0.441,0,0.919,1.081
862,1.63,1.609,0.42,0.441,0,0.919,1.081
863,1.63,1.609,0.42,0.441,0,0.916,1.078
864,1.63,1.628,0.42,0.422,0,0.917,1.078
865,1.649,1.628,0.401,0.422,0,0.916,1.079
866,1.649,1.628,0.401,0.422,0,0.918,1.081
867,1.649,1.628,0.401,0.422,0,0.918,1.005
868,1.63,1.628,0.42,0.422,0,0.919,1.042
869,1.649,1.628,0.401,0.422,0,0.917,0.931
870,1.649,1.628,0.401,0.422,0,0.919,0.932
871,1.63,1.628,0.42,0.422,0,0.916,0.932
872,1.63,1.628,0.42,0.422,0,0.918,1.005
873,1.649,1.628,0.401,0.422,0,0.916,0.93
874,1.649,1.628,0.401,0.422,0,0.917,0.933
875,1.649,1.628,0.401,0.422,0,0.916,0.932
876,1.649,1.628,0.401,0.422,0,0.916,0.93
877,1.649,1.628,0.401,0.422,0,0.917,0.931
878,1.649,1.628,0.401,0.422,0,0.919,0.93
879,1.649,1.628,0.401,0.422,0,0.921,0.93
880,1.649,1.628,0.401,0.422,0,0.916,0.856
881,1.649,1.628,0.401,0.422,0,0.922,0.782
882,1.649,1.628,0.401,0.422,0,0.919,0.932
883,1.649,1.628,0.401,0.422,0,0.916,0.784
884,1.649,1.628,0.401,0.422,0,0.918,0.783
885,1.649,1.628,0.401,0.422,0,0.916,0.709
886,1.649,1.628,0.401,0.422,0,0.916,0.781
887,1.649,1.628,0.401,0.422,0,0.916,0.638
888,1.668,1.628,0.382,0.422,0,0.919,0.636
889,1.668,1.628,0.382,0.422,0,0.917,0.636
890,1.668,1.628,0.382,0.422,0,0.922,0.636
891,1.668,1.628,0.382,0.422,0,0.916,0.635
892,1.668,1.628,0.382,0.422,0,0.916,0.482
893,1.668,1.628,0.382,0.422,0,0.916,0.571
894,1.668,1.628,0.382,0.422,0,0.916,0.484
895,1.668,1.628,0.382,0.422,0,0.922,0.408
896,1.668,1.628,0.382,0.422,0,0.919,0.486
897,1.668,1.628,0.382,0.422,0,0.917,0.181
898,1.706,1.628,0.344,0.422,0,0.922,0.182
899,1.706,1.647,0.344,0.403,0,0.919,0.181
900,1.687,1.647,0.363,0.403,0,0.916,0.183
901,1.687,1.628,0.363,0.422,0,0.916,0.182
902,1.687,1.628,0.363,0.422,0,0.919,0.182
903,1.668,1.628,0.382,0.422,0,0.919,0.183
904,1.687,1.628,0.363,0.422,0,0.916,0.18
905,1.687,1.628,0.363,0.422,0,0.919,0.182
906,1.687,1.647,0.363,0.403,0,0.916,0.181
907,1.687,1.647,0.363,0.403,0,0.919,0.186
908,1.706,1.647,0.344,0.403,0,0.916,0.18
909,1.706,1.647,0.344,0.403,0,0.922,0.183
910,1.687,1.647,0.363,0.403,0,0.917,0.182
911,1.687,1.628,0.363,0.422,0,0.916,0.18
912,1.687,1.628,0.363,0.422,0,0.916,0.185
913,1.687,1.628,0.363,0.422,0,0.916,0.18
914,1.687,1.647,0.363,0.403,0,0.922,0.184
915,1.687,1.647,0.363,0.403,0,0.916,0.18
916,1.687,1.647,0.363,0.403,0,0.922,0.183
917,1.687,1.647,0.363,0.403,0,0.917,0.18
918,1.687,1.647,0.363,0.403,0,0.918,0.182
919,1.687,1.647,0.363,0.403,0,0.916,0.18
920,1.687,1.647,0.363,0.403,0,0.919,0.183
921,1.706,1.647,0.344,0.403,0,0.918,0.184
922,1.706,1.665,0.344,0.385,0,0.919,0.183
923,1.706,1.647,0.344,0.403,0,0.918,0.182
924,1.706,1.647,0.344,0.403,0,0.922,0.182
925,1.706,1.647,0.344,0.403,0,0.919,0.18
926,1.706,1.647,0.344,0.403,0,0.916,0.182
927,1.706,1.661,0.344,0.389,0,1.504,0.334
928,1.725,1.665,0.325,0.385,0,2.093,0.027
929,1.744,1.665,0.306,0.385,0,2.093,0.027
930,1.744,1.684,0.306,0.366,0,2.093,0.027
931,1.744,1.685,0.306,0.365,0,2.093,0.027
932,1.744,1.665,0.306,0.385,0,2.093,0.027
933,1.725,1.665,0.325,0.385,0,2.093,0.027
934,1.725,1.665,0.325,0.385,0,2.093,0.027
935,1.725,1.665,0.325,0.385,0,2.093,0.027
936,1.725,1.665,0.325,0.385,0,2.093,0.027
937,1.725,1.665,0.325,0.385,0,2.093,0.027
938,1.725,1.666,0.325,0.384,0,2.093,0.027
939,1.725,1.665,0.325,0.385,0,2.093,0.027
940,1.725,1.665,0.325,0.385,0,2.093,0.027
941,1.725,1.665,0.325,0.385,0,2.093,0.027
942,1.725,1.665,0.325,0.385,0,2.093,0.027
943,1.725,1.665,0.325,0.385,0,2.093,0.027
944,1.725,1.665,0.325,0.385,0,2.093,0.027
945,1.725,1.665,0.325,0.385,0,2.093,0.027
946,1.725,1.665,0.325,0.385,0,2.093,0.027
947,1.725,1.665,0.325,0.385,0,2.093,0.027
948,1.725,1.665,0.325,0.385,0,2.093,0.027
949,1.725,1.665,0.325,0.385,0,2.093,0.027
950,1.725,1.647,0.325,0.403,0,2.092,0.027
951,1.725,1.647,0.325,0.403,0,2.093,0.027
952,1.725,1.647,0.325,0.403,0,2.092,0.027
953,1.725,1.647,0.325,0.403,0,1.947,0.027
954,1.725,1.647,0.325,0.403,0,1.801,0.254
955,1.725,1.647,0.325,0.403,0,1.803,0.482
956,1.725,1.647,0.325,0.403,0,1.804,0.484
957,1.725,1.647,0.325,0.403,0,1.802,0.485
958,1.725,1.647,0.325,0.403,0,1.803,0.485
959,1.725,1.647,0.325,0.403,0,1.805,0.483
960,1.725,1.647,0.325,0.403,0,1.8,0.482
961,1.725,1.647,0.325,0.403,0,1.8,0.484
962,1.744,1.666,0.306,0.384,0,1.802,0.484
963,1.744,1.666,0.306,0.384,0,1.8,0.482
964,1.744,1.647,0.306,0.403,0,1.802,0.56
965,1.725,1.647,0.325,0.403,0,1.8,0.485
966,1.725,1.647,0.325,0.403,0,1.802,0.636
967,1.744,1.609,0.306,0.441,0,1.801,0.484
968,1.744,1.647,0.306,0.403,0,1.801,0.485
969,1.744,1.647,0.306,0.403,0,1.803,0.635
970,1.744,1.628,0.306,0.422,0,1.805,0.635
971,1.744,1.628,0.306,0.422,0,1.801,0.712
972,1.744,1.628,0.306,0.422,0,1.8,0.638
973,1.744,1.628,0.306,0.422,0,1.8,0.638
974,1.744,1.628,0.306,0.422,0,1.8,0.709
975,1.763,1.647,0.287,0.403,0,1.802,0.636
976,1.763,1.647,0.287,0.403,0,1.801,0.784
977,1.763,1.647,0.287,0.403,0,1.802,0.783
978,1.763,1.647,0.287,0.403,0,1.8,0.781
979,1.763,1.647,0.287,0.403,0,1.8,0.858
980,1.763,1.647,0.287,0.403,0,1.8,0.935
981,1.763,1.647,0.287,0.403,0,1.8,0.858
982,1.744,1.628,0.306,0.422,0,1.8,0.93
983,1.744,1.628,0.306,0.422,0,1.802,0.93
984,1.744,1.628,0.306,0.422,0,1.801,1.007
985,1.744,1.647,0.306,0.403,0,1.802,1.079
986,1.763,1.647,0.287,0.403,0,1.8,0.932
987,1.763,1.647,0.287,0.403,0,1.802,1.079
988,1.763,1.647,0.287,0.403,0,1.801,1.081
989,1.763,1.647,0.287,0.403,0,1.8,0.931
990,1.763,1.647,0.287,0.403,0,1.802,0.933
991,1.763,1.647,0.287,0.403,0,1.8,1.078
992,1.763,1.647,0.287,0.403,0,1.802,1.006
993,1.764,1.647,0.286,0.403,0,1.8,0.93
994,1.782,1.665,0.268,0.385,0,1.8,1.078
995,1.782,1.666,0.268,0.384,0,1.802,1.081
996,1.782,1.665,0.268,0.385,0,1.801,1.078
997,1.782,1.665,0.268,0.385,0,1.8,1.078
998,1.782,1.685,0.268,0.365,0,1.802,1.081
999,1.782,1.685,0.268,0.365,0,1.801,1.079
1000,1.763,1.684,0.287,0.366,0,1.8,1.078
1001,1.763,1.665,0.287,0.385,0,1.801,1.079
1002,1.782,1.665,0.268,0.385,0,1.802,1.154
1003,1.782,1.684,0.268,0.366,0,1.802,1.079
1004,1.802,1.703,0.248,0.347,0,1.801,1.153
1005,1.802,1.704,0.248,0.346,0,1.802,1.109
1006,1.802,1.703,0.248,0.347,0,1.801,1.228
1007,1.782,1.703,0.268,0.347,0,1.8,1.226
1008,1.782,1.685,0.268,0.365,0,1.801,1.226
1009,1.782,1.685,0.268,0.365,0,1.801,1.226
1010,1.782,1.684,0.268,0.366,0,1.802,1.332
1011,1.782,1.684,0.268,0.366,0,1.801,1.228
1012,1.782,1.685,0.268,0.365,0,1.802,1.227
1013,1.763,1.703,0.287,0.347,0,1.8,1.227
1014,1.763,1.704,0.287,0.346,0,1.8,1.299
1015,1.782,1.703,0.268,0.347,0,1.8,1.227
1016,1.782,1.685,0.268,0.365,0,1.801,1.225
1017,1.802,1.684,0.248,0.366,0,1.8,1.372
1018,1.802,1.704,0.248,0.346,0,1.8,1.374
1019,1.802,1.685,0.248,0.365,0,1.801,1.372
1020,1.782,1.685,0.268,0.365,0,1.802,1.372
1021,1.782,1.685,0.268,0.365,0,1.801,1.374
1022,1.782,1.685,0.268,0.365,0,1.801,1.446
1023,1.782,1.685,0.268,0.365,0,1.801,1.372
1024,1.782,1.685,0.268,0.365,0,1.801,1.52
1025,1.782,1.684,0.268,0.366,0,1.801,1.52
1026,1.782,1.685,0.268,0.365,0,1.801,1.519
1027,1.782,1.685,0.268,0.365,0,1.8,1.521
1028,1.782,1.685,0.268,0.365,0,1.801,1.52
1029,1.763,1.684,0.287,0.366,0,1.8,1.662
1030,1.763,1.684,0.287,0.366,0,1.8,1.592
1031,1.763,1.684,0.287,0.366,0,1.801,1.52
1032,1.763,1.684,0.287,0.366,0,1.8,1.663
1033,1.763,1.685,0.287,0.365,0,1.801,1.664
1034,1.763,1.685,0.287,0.365,0,1.8,1.808
1035,1.744,1.685,0.306,0.365,0,1.801,1.764
1036,1.744,1.684,0.306,0.366,0,1.801,1.664
1037,1.763,1.684,0.287,0.366,0,1.8,1.808
1038,1.763,1.684,0.287,0.366,0,1.801,1.808
1039,1.763,1.685,0.287,0.365,0,1.801,1.808
1040,1.763,1.685,0.287,0.365,0,1.801,1.951
1041,1.782,1.685,0.268,0.365,0,1.801,1.952
1042,1.782,1.684,0.268,0.366,0,1.801,1.952
1043,1.763,1.685,0.287,0.365,0,1.8,1.952
1044,1.763,1.684,0.287,0.366,0,1.8,2.098
1045,1.744,1.685,0.306,0.365,0,1.8,2.17
1046,1.744,1.684,0.306,0.366,0,1.8,2.243
1047,1.744,1.685,0.306,0.365,0,1.8,2.242
1048,1.744,1.684,0.306,0.366,0,1.8,2.242
1049,1.744,1.684,0.306,0.366,0,1.8,2.389
1050,1.744,1.684,0.306,0.366,0,1.8,2.444
1051,1.744,1.685,0.306,0.365,0,1.8,2.389
1052,1.744,1.684,0.306,0.366,0,1.8,2.444
1053,1.744,1.684,0.306,0.366,0,1.8,2.389
1054,1.744,1.685,0.306,0.365,0,1.8,2.498
1055,1.744,1.665,0.306,0.385,0,1.8,2.444
1056,1.744,1.685,0.306,0.365,0,1.8,2.498
1057,1.763,1.684,0.287,0.366,0,1.801,2.444
1058,1.782,1.685,0.268,0.365,0,1.8,2.498
1059,1.782,1.703,0.268,0.347,0,1.8,2.498
1060,1.782,1.703,0.268,0.347,0,1.8,2.444
1061,1.782,1.684,0.268,0.366,0,1.8,2.498
1062,1.782,1.684,0.268,0.366,0,1.8,2.389
1063,1.782,1.684,0.268,0.366,0,1.8,2.498
1064,1.782,1.684,0.268,0.366,0,1.8,2.389
1065,1.782,1.684,0.268,0.366,0,1.8,2.444
1066,1.782,1.684,0.268,0.366,0,1.8,2.389
1067,1.802,1.693,0.248,0.357,0,1.8,2.498
1068,1.821,1.703,0.229,0.347,0,1.8,2.389
1069,1.821,1.723,0.229,0.327,0,1.8,2.498
1070,1.802,1.723,0.248,0.327,0,1.8,2.389
1071,1.802,1.723,0.248,0.327,0,1.8,2.389
1072,1.782,1.703,0.268,0.347,0,1.8,2.498
1073,1.782,1.703,0.268,0.347,0,1.8,2.444
1074,1.782,1.703,0.268,0.347,0,1.8,2.498
1075,1.782,1.703,0.268,0.347,0,1.8,2.444
1076,1.801,1.703,0.249,0.347,0,1.8,2.498
1077,1.821,1.723,0.229,0.327,0,1.8,2.389
1078,1.802,1.703,0.248,0.347,0,1.8,2.466
1079,1.802,1.703,0.248,0.347,0,1.8,2.389
1080,1.802,1.703,0.248,0.347,0,1.8,2.444
1081,1.802,1.703,0.248,0.347,0,1.8,2.389
1082,1.802,1.703,0.248,0.347,0,1.8,2.389
1083,1.802,1.703,0.248,0.347,0,1.8,2.488
1084,1.782,1.703,0.268,0.347,0,1.8,2.389
1085,1.782,1.703,0.268,0.347,0,1.8,2.443
1086,1.782,1.703,0.268,0.347,0,1.8,2.389
1087,1.782,1.703,0.268,0.347,0,1.8,2.498
1088,1.782,1.703,0.268,0.347,0,1.8,2.389
1089,1.782,1.703,0.268,0.347,0,1.8,2.498
1090,1.763,1.703,0.287,0.347,0,1.8,2.444
1091,1.782,1.703,0.268,0.347,0,1.8,2.498
1092,1.802,1.703,0.248,0.347,0,1.8,2.389
1093,1.782,1.703,0.268,0.347,0,1.8,2.389
1094,1.802,1.704,0.248,0.346,0,1.8,2.498
1095,1.802,1.703,0.248,0.347,0,1.8,2.444
1096,1.782,1.684,0.268,0.366,0,1.8,2.498
1097,1.802,1.685,0.248,0.365,0,1.8,2.389
1098,1.802,1.703,0.248,0.347,0,1.8,2.498
1099,1.801,1.703,0.249,0.347,0,1.8,2.389
1100,1.802,1.703,0.248,0.347,0,1.8,2.443
1101,1.802,1.703,0.248,0.347,0,1.8,2.389
1102,1.801,1.703,0.249,0.347,0,1.8,2.498
1103,1.802,1.703,0.248,0.347,0,1.8,2.389
1104,1.821,1.742,0.229,0.308,0,1.8,2.389
1105,1.839,1.742,0.211,0.308,0,2.093,2.498
1106,1.821,1.723,0.229,0.327,0,2.093,0.027
1107,1.821,1.723,0.229,0.327,0,2.093,0.027
1108,1.821,1.723,0.229,0.327,0,2.093,0.027
1109,1.821,1.723,0.229,0.327,0,2.093,0.027
1110,1.821,1.723,0.229,0.327,0,2.093,0.027
1111,1.802,1.723,0.248,0.327,0,2.093,0.027
1112,1.802,1.703,0.248,0.347,0,2.093,0.027
1113,1.802,1.703,0.248,0.347,0,2.093,0.027
1114,1.802,1.704,0.248,0.346,0,2.093,0.027
1115,1.802,1.704,0.248,0.346,0,2.093,0.027
1116,1.802,1.703,0.248,0.347,0,2.093,0.027
1117,1.802,1.703,0.248,0.347,0,2.093,0.027
1118,1.801,1.703,0.249,0.347,0,2.093,0.027
1119,1.782,1.703,0.268,0.347,0,2.093,0.027
1120,1.782,1.703,0.268,0.347,0,2.093,0.027
1121,1.782,1.703,0.268,0.347,0,2.093,0.027
1122,1.782,1.703,0.268,0.347,0,2.093,0.027
1123,1.802,1.723,0.248,0.327,0,2.093,0.027
1124,1.802,1.723,0.248,0.327,0,2.093,0.027
1125,1.802,1.703,0.248,0.347,0,2.092,0.027
1126,1.802,1.703,0.248,0.347,0,2.093,0.027
1127,1.782,1.703,0.268,0.347,0,2.092,0.027
1128,1.782,1.703,0.268,0.347,0,2.092,0.027
1129,1.782,1.703,0.268,0.347,0,0.314,0.027
1130,1.782,1.703,0.268,0.347,0,0.313,2.243
1131,1.782,1.703,0.268,0.347,0,0.313,2.316
1132,1.782,1.703,0.268,0.347,0,0.314,2.243
1133,1.782,1.685,0.268,0.365,0,0.313,2.242
1134,1.782,1.684,0.268,0.366,0,0.314,2.243
1135,1.782,1.684,0.268,0.366,0,0.314,2.244
1136,1.763,1.684,0.287,0.366,0,0.316,2.171
1137,1.763,1.684,0.287,0.366,0,0.314,2.098
1138,1.763,1.685,0.287,0.365,0,0.314,2.098
1139,1.763,1.684,0.287,0.366,0,0.315,2.17
1140,1.763,1.685,0.287,0.365,0,0.315,2.098
1141,1.763,1.685,0.287,0.365,0,0.314,2.098
1142,1.763,1.685,0.287,0.365,0,0.314,2.098
1143,1.763,1.685,0.287,0.365,0,0.314,2.098
1144,1.744,1.684,0.306,0.366,0,0.314,2.17
1145,1.744,1.684,0.306,0.366,0,0.314,2.098
1146,1.744,1.685,0.306,0.365,0,0.313,2.098
1147,1.744,1.684,0.306,0.366,0,0.314,2.098
1148,1.744,1.685,0.306,0.365,0,0.314,2.097
1149,1.744,1.685,0.306,0.365,0,0.314,2.098
1150,1.744,1.685,0.306,0.365,0,0.313,2.098
1151,1.744,1.684,0.306,0.366,0,0.313,2.098
1152,1.744,1.684,0.306,0.366,0,0.314,2.242
1153,1.744,1.684,0.306,0.366,0,0.315,2.243
1154,1.744,1.685,0.306,0.365,0,0.314,1.952
1155,1.744,1.666,0.306,0.384,0,0.313,1.952
1156,1.744,1.684,0.306,0.366,0,0.313,2.025
1157,1.725,1.665,0.325,0.385,0,0.314,1.953
1158,1.725,1.665,0.325,0.385,0,0.315,1.952
1159,1.725,1.666,0.325,0.384,0,0.316,1.952
1160,1.725,1.665,0.325,0.385,0,0.314,1.952
1161,1.725,1.665,0.325,0.385,0,0.314,1.952
1162,1.725,1.666,0.325,0.384,0,0.314,1.952
1163,1.725,1.665,0.325,0.385,0,0.314,1.952
1164,1.725,1.665,0.325,0.385,0,0.313,2.025
1165,1.706,1.665,0.344,0.385,0,0.314,1.952
1166,1.706,1.665,0.344,0.385,0,0.313,1.952
1167,1.706,1.665,0.344,0.385,0,0.314,2.098
1168,1.706,1.647,0.344,0.403,0,0.313,2.098
1169,1.706,1.647,0.344,0.403,0,0.313,1.952
1170,1.706,1.647,0.344,0.403,0,0.313,1.952
1171,1.706,1.647,0.344,0.403,0,0.314,2.025
1172,1.706,1.647,0.344,0.403,0,0.314,1.808
1173,1.706,1.647,0.344,0.403,0,0.314,1.808
1174,1.706,1.647,0.344,0.403,0,0.314,1.88
1175,1.706,1.647,0.344,0.403,0,0.314,1.808
1176,1.706,1.647,0.344,0.403,0,0.314,1.88
1177,1.706,1.647,0.344,0.403,0,0.315,1.808
1178,1.706,1.647,0.344,0.403,0,0.313,1.807
1179,1.706,1.647,0.344,0.403,0,0.315,1.808
1180,1.687,1.647,0.363,0.403,0,0.314,1.808
1181,1.687,1.628,0.363,0.422,0,0.313,1.88
1182,1.687,1.628,0.363,0.422,0,0.315,1.808
1183,1.687,1.628,0.363,0.422,0,0.314,1.808
1184,1.687,1.628,0.363,0.422,0,0.313,1.663
1185,1.687,1.628,0.363,0.422,0,0.314,1.664
1186,1.687,1.628,0.363,0.422,0,0.314,1.664
1187,1.687,1.628,0.363,0.422,0,0.315,1.592
1188,1.687,1.628,0.363,0.422,0,0.314,1.664
1189,1.687,1.628,0.363,0.422,0,0.314,1.592
1190,1.668,1.628,0.382,0.422,0,0.315,1.52
1191,1.668,1.609,0.382,0.441,0,0.315,1.52
1192,1.668,1.609,0.382,0.441,0,0.313,1.52
1193,1.668,1.609,0.382,0.441,0,0.313,1.522
1194,1.668,1.609,0.382,0.441,0,0.315,1.447
1195,1.668,1.609,0.382,0.441,0,0.315,1.372
1196,1.668,1.609,0.382,0.441,0,0.314,1.375
1197,1.668,1.609,0.382,0.441,0,0.315,1.447
1198,1.687,1.628,0.363,0.422,0,0.315,1.372
1199,1.687,1.628,0.363,0.422,0,0.315,1.374
1200,1.687,1.628,0.363,0.422,0,0.313,1.372
1201,1.687,1.628,0.363,0.422,0,0.314,1.375
1202,1.687,1.628,0.363,0.422,0,0.313,1.3
1203,1.687,1.628,0.363,0.422,0,0.316,1.279
1204,1.687,1.628,0.363,0.422,0,0.314,1.227
1205,1.706,1.628,0.344,0.422,0,0.316,1.226
1206,1.706,1.628,0.344,0.422,0,0.315,1.228
1207,1.706,1.647,0.344,0.403,0,0.313,1.153
1208,1.706,1.647,0.344,0.403,0,0.316,1.081
1209,1.706,1.647,0.344,0.403,0,0.314,1.078
1210,1.706,1.647,0.344,0.403,0,0.313,1.153
1211,1.706,1.647,0.344,0.403,0,0.313,1.078
1212,1.706,1.647,0.344,0.403,0,0.314,1.153
1213,1.706,1.647,0.344,0.403,0,0.316,1.081
1214,1.706,1.647,0.344,0.403,0,0.319,1.083
1215,1.706,1.647,0.344,0.403,0,0.316,1.155
1216,1.706,1.647,0.344,0.403,0,0.314,1.078
1217,1.706,1.628,0.344,0.422,0,0.313,1.078
1218,1.706,1.647,0.344,0.403,0,0.315,1.081
1219,1.706,1.628,0.344,0.422,0,0.316,1.08
1220,1.706,1.628,0.344,0.422,0,0.313,0.932
1221,1.706,1.647,0.344,0.403,0,0.319,0.933
1222,1.706,1.647,0.344,0.403,0,0.316,1.081
1223,1.725,1.647,0.325,0.403,0,0.314,0.93
1224,1.725,1.647,0.325,0.403,0,0.317,0.932
1225,1.725,1.666,0.325,0.384,0,0.316,1.007
1226,1.725,1.666,0.325,0.384,0,0.313,0.932
1227,1.725,1.665,0.325,0.385,0,0.316,0.931
1228,1.725,1.665,0.325,0.385,0,0.315,0.93
1229,1.725,1.647,0.325,0.403,0,0.314,0.935
1230,1.725,1.647,0.325,0.403,0,0.313,0.931
1231,1.706,1.647,0.344,0.403,0,0.315,0.93
1232,1.706,1.647,0.344,0.403,0,0.314,0.932
1233,1.706,1.647,0.344,0.403,0,0.314,0.933
1234,1.706,1.647,0.344,0.403,0,0.315,0.933
1235,1.706,1.647,0.344,0.403,0,0.319,0.859
1236,1.706,1.647,0.344,0.403,0,0.319,0.931
1237,1.706,1.647,0.344,0.403,0,0.314,0.859
1238,1.706,1.647,0.344,0.403,0,0.319,0.931
1239,1.706,1.647,0.344,0.403,0,0.314,0.93
1240,1.706,1.647,0.344,0.403,0,0.319,0.857
1241,1.706,1.647,0.344,0.403,0,0.313,0.931
1242,1.706,1.647,0.344,0.403,0,0.319,0.857
1243,1.706,1.647,0.344,0.403,0,0.313,0.859
1244,1.706,1.647,0.344,0.403,0,0.314,0.783
1245,1.706,1.647,0.344,0.403,0,0.313,0.783
1246,1.706,1.647,0.344,0.403,0,0.315,0.781
1247,1.706,1.666,0.344,0.384,0,0.316,0.784
1248,1.706,1.666,0.344,0.384,0,0.313,0.786
1249,1.706,1.665,0.344,0.385,0,0.313,0.784
1250,1.725,1.665,0.325,0.385,0,0.313,0.71
1251,1.706,1.665,0.344,0.385,0,0.313,0.638
1252,1.706,1.666,0.344,0.384,0,0.315,0.709
1253,1.717,1.647,0.333,0.403,0,0.316,0.482
1254,1.706,1.647,0.344,0.403,0,0.316,0.485
1255,1.725,1.666,0.325,0.384,0,0.313,0.56
1256,1.744,1.666,0.306,0.384,0,0.317,0.636
1257,1.744,1.665,0.306,0.385,0,0.315,0.558
1258,1.725,1.666,0.325,0.384,0,0.315,0.482
1259,1.725,1.665,0.325,0.385,0,0.313,0.482
1260,1.725,1.665,0.325,0.385,0,0.313,0.482
1261,1.725,1.665,0.325,0.385,0,0.314,0.482
1262,1.725,1.665,0.325,0.385,0,0.316,0.41
1263,1.725,1.665,0.325,0.385,0,0.317,0.432
1264,1.706,1.665,0.344,0.385,0,0.314,0.482
1265,1.725,1.665,0.325,0.385,0,0.316,0.335
1266,1.706,1.665,0.344,0.385,0,0.318,0.337
1267,1.706,1.647,0.344,0.403,0,0.313,0.18
1268,1.706,1.647,0.344,0.403,0,0.32,0.071
1269,1.706,1.647,0.344,0.403,0,0.314,0.033
1270,1.706,1.647,0.344,0.403,0,0.313,0.104
1271,1.706,1.647,0.344,0.403,0,0.32,0.027
1272,1.706,1.665,0.344,0.385,0,0.314,0.107
1273,1.706,1.665,0.344,0.385,0,0.313,0.166
1274,1.725,1.647,0.325,0.403,0,0.318,0.18
1275,1.725,1.647,0.325,0.403,0,0.313,0.107
1276,1.725,1.666,0.325,0.384,0,0.313,0.18
1277,1.725,1.665,0.325,0.385,0,2.093,0.027
1278,1.725,1.666,0.325,0.384,0,2.093,0.027
1279,1.725,1.665,0.325,0.385,0,2.093,0.027
1280,1.725,1.665,0.325,0.385,0,2.093,0.027
1281,1.725,1.665,0.325,0.385,0,2.093,0.027
1282,1.725,1.665,0.325,0.385,0,2.093,0.027
1283,1.725,1.665,0.325,0.385,0,2.093,0.027
1284,1.725,1.665,0.325,0.385,0,2.093,0.027
1285,1.706,1.665,0.344,0.385,0,2.093,0.027
1286,1.706,1.647,0.344,0.403,0,2.093,0.027
1287,1.706,1.647,0.344,0.403,0,2.093,0.027
1288,1.706,1.647,0.344,0.403,0,2.093,0.027
1289,1.706,1.647,0.344,0.403,0,2.093,0.027
1290,1.706,1.647,0.344,0.403,0,2.093,0.027
1291,1.706,1.647,0.344,0.403,0,2.093,0.027
1292,1.706,1.647,0.344,0.403,0,2.093,0.027
1293,1.706,1.647,0.344,0.403,0,2.093,0.027
1294,1.706,1.647,0.344,0.403,0,2.093,0.027
1295,1.706,1.647,0.344,0.403,0,2.093,0.027
1296,1.706,1.647,0.344,0.403,0,2.093,0.027
1297,1.706,1.647,0.344,0.403,0,2.093,0.027
1298,1.706,1.647,0.344,0.403,0,2.093,0.027
1299,1.706,1.647,0.344,0.403,0,2.093,0.027
1300,1.706,1.647,0.344,0.403,0,2.092,0.027
1301,1.706,1.647,0.344,0.403,0,2.093,0.027
1302,1.706,1.647,0.344,0.403,0,1.653,0.027
1303,1.706,1.647,0.344,0.403,0,1.211,0.179
1304,1.706,1.647,0.344,0.403,0,1.216,0.335
1305,1.706,1.647,0.344,0.403,0,1.213,0.409
1306,1.706,1.647,0.344,0.403,0,1.211,0.332
1307,1.706,1.647,0.344,0.403,0,1.213,0.336
1308,1.706,1.647,0.344,0.403,0,1.215,0.408
1309,1.706,1.647,0.344,0.403,0,1.213,0.488
1310,1.706,1.647,0.344,0.403,0,1.213,0.332
1311,1.706,1.647,0.344,0.403,0,1.214,0.41
1312,1.706,1.647,0.344,0.403,0,1.211,0.334
1313,1.706,1.647,0.344,0.403,0,1.212,0.482
1314,1.687,1.647,0.363,0.403,0,1.213,0.482
1315,1.687,1.647,0.363,0.403,0,1.214,0.332
1316,1.706,1.647,0.344,0.403,0,1.214,0.482
1317,1.706,1.647,0.344,0.403,0,1.214,0.482
1318,1.706,1.647,0.344,0.403,0,1.212,0.482
1319,1.687,1.647,0.363,0.403,0,1.211,0.512
1320,1.687,1.628,0.363,0.422,0,1.213,0.635
1321,1.687,1.628,0.363,0.422,0,1.211,0.484
1322,1.687,1.628,0.363,0.422,0,1.213,0.485
1323,1.687,1.628,0.363,0.422,0,1.213,0.635
1324,1.687,1.628,0.363,0.422,0,1.211,0.578
1325,1.687,1.628,0.363,0.422,0,1.213,0.482
1326,1.687,1.628,0.363,0.422,0,1.211,0.637
1327,1.687,1.628,0.363,0.422,0,1.214,0.635
1328,1.687,1.628,0.363,0.422,0,1.215,0.708
1329,1.687,1.628,0.363,0.422,0,1.211,0.785
1330,1.668,1.628,0.382,0.422,0,1.213,0.636
1331,1.668,1.628,0.382,0.422,0,1.216,0.708
1332,1.668,1.628,0.382,0.422,0,1.212,0.636
1333,1.668,1.628,0.382,0.422,0,1.212,0.783
1334,1.668,1.609,0.382,0.441,0,1.214,0.8
1335,1.668,1.609,0.382,0.441,0,1.212,0.93
1336,1.668,1.609,0.382,0.441,0,1.214,0.784
1337,1.668,1.609,0.382,0.441,0,1.214,0.781
1338,1.668,1.609,0.382,0.441,0,1.212,0.93
1339,1.668,1.609,0.382,0.441,0,1.211,0.838
1340,1.668,1.609,0.382,0.441,0,1.212,0.933
1341,1.668,1.609,0.382,0.441,0,1.214,0.856
1342,1.668,1.609,0.382,0.441,0,1.214,0.93
1343,1.668,1.609,0.382,0.441,0,1.214,0.781
1344,1.649,1.609,0.401,0.441,0,1.214,0.93
1345,1.649,1.609,0.401,0.441,0,1.213,0.93
1346,1.649,1.609,0.401,0.441,0,1.213,0.781
1347,1.649,1.609,0.401,0.441,0,1.214,0.783
1348,1.649,1.609,0.401,0.441,0,1.212,0.933
1349,1.649,1.609,0.401,0.441,0,1.212,0.933
1350,1.649,1.59,0.401,0.46,0,1.212,0.933
1351,1.649,1.609,0.401,0.441,0,1.212,0.931
1352,1.649,1.59,0.401,0.46,0,1.214,0.932
1353,1.649,1.59,0.401,0.46,0,1.212,0.93
1354,1.649,1.59,0.401,0.46,0,1.214,1.08
1355,1.649,1.59,0.401,0.46,0,1.212,1.078
1356,1.649,1.59,0.401,0.46,0,1.213,0.932
1357,1.649,1.59,0.401,0.46,0,1.211,1.069
1358,1.649,1.59,0.401,0.46,0,1.212,0.932
1359,1.649,1.59,0.401,0.46,0,1.213,1.083
1360,1.649,1.59,0.401,0.46,0,1.213,1.081
1361,1.649,1.59,0.401,0.46,0,1.212,1.079
1362,1.63,1.59,0.42,0.46,0,1.213,1.082
1363,1.63,1.59,0.42,0.46,0,1.213,1.083
1364,1.63,1.59,0.42,0.46,0,1.212,1.079
1365,1.63,1.59,0.42,0.46,0,1.211,1.078
1366,1.63,1.59,0.42,0.46,0,1.212,1.226
1367,1.63,1.59,0.42,0.46,0,1.213,1.08
1368,1.63,1.59,0.42,0.46,0,1.212,1.078
1369,1.63,1.59,0.42,0.46,0,1.212,1.227
1370,1.63,1.59,0.42,0.46,0,1.211,1.226
1371,1.63,1.59,0.42,0.46,0,1.213,1.081
1372,1.63,1.59,0.42,0.46,0,1.213,1.227
1373,1.63,1.59,0.42,0.46,0,1.211,1.226
1374,1.63,1.59,0.42,0.46,0,1.212,1.227
1375,1.63,1.571,0.42,0.479,0,1.212,1.225
1376,1.63,1.571,0.42,0.479,0,1.213,1.228
1377,1.63,1.571,0.42,0.479,0,1.213,1.227
1378,1.63,1.571,0.42,0.479,0,1.213,1.226
1379,1.63,1.571,0.42,0.479,0,1.212,1.373
1380,1.611,1.571,0.439,0.479,0,1.212,1.372
1381,1.611,1.571,0.439,0.479,0,1.213,1.372
1382,1.611,1.571,0.439,0.479,0,1.213,1.437
1383,1.611,1.571,0.439,0.479,0,1.213,1.52
1384,1.611,1.571,0.439,0.479,0,1.212,1.372
1385,1.611,1.571,0.439,0.479,0,1.212,1.519
1386,1.611,1.571,0.439,0.479,0,1.213,1.373
1387,1.611,1.571,0.439,0.479,0,1.212,1.52
1388,1.611,1.571,0.439,0.479,0,1.213,1.519
1389,1.611,1.571,0.439,0.479,0,1.212,1.52
1390,1.611,1.571,0.439,0.479,0,1.212,1.664
1391,1.611,1.571,0.439,0.479,0,1.212,1.521
1392,1.611,1.571,0.439,0.479,0,1.212,1.663
1393,1.611,1.571,0.439,0.479,0,1.212,1.664
1394,1.611,1.571,0.439,0.479,0,1.212,1.662
1395,1.603,1.571,0.447,0.479,0,1.212,1.663
1396,1.592,1.571,0.458,0.479,0,1.212,1.662
1397,1.611,1.571,0.439,0.479,0,1.212,1.88
1398,1.592,1.571,0.458,0.479,0,1.212,1.808
1399,1.592,1.571,0.458,0.479,0,1.212,1.952
1400,1.611,1.571,0.439,0.479,0,1.212,1.952
1401,1.611,1.571,0.439,0.479,0,1.212,1.951
1402,1.611,1.571,0.439,0.479,0,1.212,2.011
1403,1.611,1.571,0.439,0.479,0,1.212,2.098
1404,1.611,1.571,0.439,0.479,0,1.212,2.171
1405,1.611,1.571,0.439,0.479,0,1.212,2.242
1406,1.611,1.571,0.439,0.479,0,1.212,2.098
1407,1.611,1.571,0.439,0.479,0,1.212,2.389
1408,1.592,1.571,0.458,0.479,0,1.212,2.243
1409,1.601,1.571,0.449,0.479,0,1.212,2.316
1410,1.611,1.571,0.439,0.479,0,1.212,2.243
1411,1.611,1.571,0.439,0.479,0,1.212,2.243
1412,1.592,1.571,0.458,0.479,0,1.212,2.243
1413,1.611,1.571,0.439,0.479,0,1.212,2.243
1414,1.611,1.571,0.439,0.479,0,1.212,2.389
1415,1.611,1.571,0.439,0.479,0,1.212,2.243
1416,1.611,1.571,0.439,0.479,0,1.212,2.389
1417,1.592,1.571,0.458,0.479,0,1.212,2.243
1418,1.592,1.571,0.458,0.479,0,1.212,2.242
1419,1.592,1.571,0.458,0.479,0,1.212,2.242
1420,1.592,1.571,0.458,0.479,0,1.212,2.242
1421,1.592,1.571,0.458,0.479,0,1.212,2.389
1422,1.592,1.571,0.458,0.479,0,1.212,2.316
1423,1.611,1.571,0.439,0.479,0,1.212,2.389
1424,1.611,1.571,0.439,0.479,0,1.212,2.243
1425,1.611,1.571,0.439,0.479,0,1.212,2.243
1426,1.611,1.571,0.439,0.479,0,1.212,2.389
1427,1.63,1.571,0.42,0.479,0,1.212,2.316
1428,1.63,1.571,0.42,0.479,0,1.212,2.389
1429,1.63,1.571,0.42,0.479,0,1.212,2.242
1430,1.63,1.571,0.42,0.479,0,1.212,2.389
1431,1.63,1.552,0.42,0.498,0,1.212,2.242
1432,1.63,1.552,0.42,0.498,0,1.212,2.242
1433,1.63,1.552,0.42,0.498,0,1.212,2.388
1434,1.63,1.552,0.42,0.498,0,1.212,2.242
1435,1.63,1.552,0.42,0.498,0,1.212,2.364
1436,1.63,1.552,0.42,0.498,0,1.212,2.243
1437,1.63,1.552,0.42,0.498,0,1.212,2.389
1438,1.611,1.552,0.439,0.498,0,1.212,2.243
1439,1.63,1.552,0.42,0.498,0,1.212,2.243
1440,1.611,1.552,0.439,0.498,0,1.212,2.316
1441,1.611,1.552,0.439,0.498,0,1.212,2.242
1442,1.611,1.552,0.439,0.498,0,1.212,2.389
1443,1.611,1.552,0.439,0.498,0,1.212,2.242
1444,1.611,1.552,0.439,0.498,0,1.212,2.243
1445,1.611,1.552,0.439,0.498,0,1.212,2.243
1446,1.592,1.552,0.458,0.498,0,1.212,2.242
1447,1.592,1.552,0.458,0.498,0,1.212,2.389
1448,1.592,1.571,0.458,0.479,0,1.212,2.242
1449,1.592,1.552,0.458,0.498,0,1.212,2.389
1450,1.592,1.552,0.458,0.498,0,1.212,2.243
1451,1.592,1.552,0.458,0.498,0,1.212,2.242
1452,1.592,1.552,0.458,0.498,0,1.212,2.242
1453,1.592,1.552,0.458,0.498,0,1.212,2.243
1454,1.592,1.552,0.458,0.498,0,1.212,2.389
1455,1.592,1.552,0.458,0.498,0,1.212,2.243
1456,1.592,1.552,0.458,0.498,0,1.212,2.389
1457,1.592,1.552,0.458,0.498,0,1.212,2.243
1458,1.592,1.552,0.458,0.498,0,1.212,2.242
1459,1.592,1.552,0.458,0.498,0,1.212,2.242
1460,1.592,1.552,0.458,0.498,0,1.212,2.242
1461,1.592,1.552,0.458,0.498,0,1.212,2.389
1462,1.592,1.552,0.458,0.498,0,1.212,2.243
1463,1.592,1.552,0.458,0.498,0,1.212,2.389
1464,1.592,1.552,0.458,0.498,0,1.212,2.243
1465,1.592,1.552,0.458,0.498,0,1.212,2.388
1466,1.592,1.552,0.458,0.498,0,1.212,2.242
1467,1.592,1.552,0.458,0.498,0,1.212,2.242
1468,1.592,1.552,0.458,0.498,0,1.212,2.389
1469,1.592,1.552,0.458,0.498,0,1.212,2.242
1470,1.592,1.552,0.458,0.498,0,1.212,2.388
1471,1.592,1.533,0.458,0.517,0,1.212,2.242
1472,1.592,1.552,0.458,0.498,0,1.212,2.389
1473,1.592,1.552,0.458,0.498,0,1.212,2.243
1474,1.592,1.552,0.458,0.498,0,1.212,2.243
1475,1.592,1.552,0.458,0.498,0,1.212,2.389
1476,1.592,1.552,0.458,0.498,0,1.212,2.243
1477,1.592,1.552,0.458,0.498,0,1.212,2.389
1478,1.592,1.552,0.458,0.498,0,1.212,2.243
1479,1.592,1.552,0.458,0.498,0,1.212,2.389
1480,1.592,1.552,0.458,0.498,0,1.212,2.243
1481,1.592,1.552,0.458,0.498,0,1.212,2.243
1482,1.592,1.552,0.458,0.498,0,1.212,2.389
1483,1.592,1.552,0.458,0.498,0,1.212,2.242
1484,1.592,1.533,0.458,0.517,0,1.212,2.388
1485,1.592,1.533,0.458,0.517,0,1.212,2.242
1486,1.592,1.533,0.458,0.517,0,1.212,2.243
1487,1.592,1.533,0.458,0.517,0,1.212,2.243
1488,1.592,1.533,0.458,0.517,0,1.212,2.242
1489,1.592,1.533,0.458,0.517,0,1.212,2.375
1490,1.592,1.533,0.458,0.517,0,1.212,2.242
1491,1.592,1.533,0.458,0.517,0,1.212,2.388
1492,1.592,1.533,0.458,0.517,0,1.212,2.242
1493,1.592,1.533,0.458,0.517,0,1.212,2.243
1494,1.592,1.533,0.458,0.517,0,1.212,2.243
1495,1.592,1.533,0.458,0.517,0,1.212,2.242
1496,1.592,1.533,0.458,0.517,0,1.212,2.388
1497,1.592,1.533,0.458,0.517,0,1.212,2.242
1498,1.592,1.533,0.458,0.517,0,1.212,2.388
1499,1.592,1.533,0.458,0.517,0,1.212,2.242
1500,1.592,1.533,0.458,0.517,0,1.212,2.243
1501,1.592,1.533,0.458,0.517,0,1.212,2.243
1502,1.611,1.552,0.439,0.498,0,1.212,2.243
1503,1.611,1.552,0.439,0.498,0,1.212,2.389
1504,1.611,1.552,0.439,0.498,0,1.212,2.243
1505,1.592,1.552,0.458,0.498,0,1.212,2.389
1506,1.592,1.552,0.458,0.498,0,1.212,2.242
1507,1.592,1.552,0.458,0.498,0,1.212,2.243
1508,1.604,1.552,0.446,0.498,0,1.212,2.243
1509,1.611,1.552,0.439,0.498,0,1.212,2.243
1510,1.611,1.552,0.439,0.498,0,1.212,2.389
1511,1.611,1.552,0.439,0.498,0,1.212,2.243
1512,1.611,1.552,0.439,0.498,0,1.212,2.389
1513,1.611,1.552,0.439,0.498,0,1.212,2.242
1514,1.611,1.552,0.439,0.498,0,1.212,2.243
1515,1.611,1.552,0.439,0.498,0,1.212,2.389
1516,1.611,1.552,0.439,0.498,0,1.212,2.242
1517,1.611,1.552,0.439,0.498,0,1.212,2.389
1518,1.611,1.552,0.439,0.498,0,1.212,2.242
1519,1.611,1.552,0.439,0.498,0,1.212,2.389
1520,1.611,1.552,0.439,0.498,0,1.212,2.316
1521,1.611,1.552,0.439,0.498,0,1.212,2.243
1522,1.611,1.552,0.439,0.498,0,1.212,2.389
1523,1.63,1.552,0.42,0.498,0,1.212,2.242
1524,1.63,1.552,0.42,0.498,0,1.212,2.389
1525,1.63,1.552,0.42,0.498,0,1.212,2.254
1526,1.63,1.552,0.42,0.498,0,1.212,2.389
1527,1.611,1.552,0.439,0.498,0,1.212,2.243
1528,1.63,1.552,0.42,0.498,0,1.212,2.244
1529,1.63,1.552,0.42,0.498,0,1.212,2.389
1530,1.611,1.552,0.439,0.498,0,1.212,2.246
1531,1.63,1.552,0.42,0.498,0,1.212,2.389
1532,1.63,1.552,0.42,0.498,0,1.212,2.243
1533,1.63,1.552,0.42,0.498,0,1.212,2.243
1534,1.63,1.552,0.42,0.498,0,1.212,2.243
1535,1.63,1.552,0.42,0.498,0,1.211,2.243
1536,1.63,1.552,0.42,0.498,0,1.212,2.389
1537,1.649,1.552,0.401,0.498,0,1.212,2.243
1538,1.649,1.552,0.401,0.498,0,1.212,2.389
1539,1.649,1.552,0.401,0.498,0,1.212,2.242
1540,1.63,1.552,0.42,0.498,0,1.212,2.242
1541,1.63,1.552,0.42,0.498,0,1.212,2.243
1542,1.619,1.552,0.431,0.498,0,1.212,2.243
1543,1.668,1.552,0.382,0.498,0,1.212,2.316
1544,1.668,1.552,0.382,0.498,0,1.212,2.243
1545,1.668,1.552,0.382,0.498,0,1.212,2.389
1546,1.668,1.552,0.382,0.498,0,1.212,2.243
1547,1.668,1.552,0.382,0.498,0,1.212,2.243
1548,1.668,1.552,0.382,0.498,0,1.212,2.343
1549,1.668,1.552,0.382,0.498,0,1.212,2.242
1550,1.668,1.552,0.382,0.498,0,1.212,2.389
1551,1.668,1.552,0.382,0.498,0,1.212,2.243
1552,1.668,1.552,0.382,0.498,0,1.212,2.389
1553,1.687,1.552,0.363,0.498,0,1.212,2.243
1554,1.687,1.552,0.363,0.498,0,1.212,2.242
1555,1.687,1.571,0.363,0.479,0,1.212,2.389
1556,1.687,1.571,0.363,0.479,0,1.212,2.316
1557,1.687,1.571,0.363,0.479,0,1.212,2.389
1558,1.687,1.571,0.363,0.479,0,1.212,2.243
1559,1.687,1.571,0.363,0.479,0,1.212,2.242
1560,1.687,1.571,0.363,0.479,0,1.212,2.243
1561,1.687,1.571,0.363,0.479,0,1.212,2.243
1562,1.687,1.552,0.363,0.498,0,1.212,2.389
1563,1.687,1.552,0.363,0.498,0,1.212,2.243
1564,1.687,1.552,0.363,0.498,0,1.212,2.316
1565,1.687,1.552,0.363,0.498,0,1.212,2.243
1566,1.687,1.552,0.363,0.498,0,1.212,2.243
1567,1.687,1.552,0.363,0.498,0,1.212,2.389
1568,1.687,1.552,0.363,0.498,0,1.212,2.243
1569,1.668,1.552,0.382,0.498,0,1.212,2.316
1570,1.668,1.552,0.382,0.498,0,1.212,2.243
1571,1.687,1.552,0.363,0.498,0,1.212,2.388
1572,1.687,1.552,0.363,0.498,0,1.212,2.243
1573,1.687,1.552,0.363,0.498,0,1.212,2.243
1574,1.687,1.552,0.363,0.498,0,1.212,2.326
1575,1.687,1.552,0.363,0.498,0,1.212,2.242
1576,1.687,1.552,0.363,0.498,0,1.212,2.388
1577,1.687,1.552,0.363,0.498,0,1.212,2.316
1578,1.687,1.552,0.363,0.498,0,1.212,2.242
1579,1.668,1.552,0.382,0.498,0,1.212,2.242
1580,1.687,1.552,0.363,0.498,0,1.212,2.242
1581,1.687,1.552,0.363,0.498,0,1.212,2.389
1582,1.687,1.552,0.363,0.498,0,1.212,2.316
1583,1.687,1.552,0.363,0.498,0,1.212,2.389
1584,1.687,1.552,0.363,0.498,0,1.212,2.242
1585,1.687,1.552,0.363,0.498,0,1.212,2.242
1586,1.687,1.552,0.363,0.498,0,1.212,2.388
1587,1.706,1.552,0.344,0.498,0,1.212,2.316
1588,1.706,1.571,0.344,0.479,0,1.212,2.389
1589,1.706,1.571,0.344,0.479,0,1.212,2.243
1590,1.706,1.571,0.344,0.479,0,1.212,2.316
1591,1.706,1.552,0.344,0.498,0,1.212,2.243
1592,1.706,1.552,0.344,0.498,0,1.212,2.243
1593,1.706,1.552,0.344,0.498,0,1.212,2.389
1594,1.706,1.571,0.344,0.479,0,1.212,2.243
1595,1.706,1.559,0.344,0.491,0,1.212,2.316
1596,1.706,1.571,0.344,0.479,0,1.212,2.243
1597,1.706,1.571,0.344,0.479,0,1.212,2.243
1598,1.706,1.571,0.344,0.479,0,1.212,2.243
1599,1.706,1.571,0.344,0.479,0,1.212,2.243
1600,1.706,1.571,0.344,0.479,0,1.212,2.316
1601,1.706,1.571,0.344,0.479,0,1.212,2.243
1602,1.706,1.571,0.344,0.479,0,1.212,2.388
1603,1.706,1.571,0.344,0.479,0,1.212,2.316
1604,1.706,1.571,0.344,0.479,0,1.212,2.243
1605,1.706,1.571,0.344,0.479,0,1.212,2.242
1606,1.706,1.571,0.344,0.479,0,1.212,2.242
1607,1.706,1.571,0.344,0.479,0,1.212,2.388
1608,1.706,1.571,0.344,0.479,0,1.212,2.316
1609,1.706,1.571,0.344,0.479,0,1.212,2.389
1610,1.706,1.59,0.344,0.46,0,1.212,2.243
1611,1.706,1.59,0.344,0.46,0,1.211,2.243
1612,1.706,1.59,0.344,0.46,0,1.212,2.389
1613,1.706,1.59,0.344,0.46,0,1.212,2.316
1614,1.706,1.59,0.344,0.46,0,1.212,2.389
1615,1.706,1.59,0.344,0.46,0,1.212,2.243
1616,1.706,1.59,0.344,0.46,0,1.212,2.316
1617,1.687,1.59,0.363,0.46,0,1.212,2.243
1618,1.687,1.571,0.363,0.479,0,1.212,2.243
1619,1.687,1.571,0.363,0.479,0,1.212,2.389
1620,1.687,1.571,0.363,0.479,0,1.212,2.242
1621,1.687,1.571,0.363,0.479,0,1.212,2.316
1622,1.687,1.571,0.363,0.479,0,1.212,2.243
1623,1.687,1.571,0.363,0.479,0,1.212,2.243
1624,1.687,1.571,0.363,0.479,0,1.212,2.243
1625,1.687,1.571,0.363,0.479,0,1.212,2.243
1626,1.687,1.571,0.363,0.479,0,1.212,2.353
1627,1.687,1.571,0.363,0.479,0,1.212,2.242
1628,1.687,1.571,0.363,0.479,0,1.212,2.388
1629,1.687,1.571,0.363,0.479,0,1.212,2.315
1630,1.687,1.571,0.363,0.479,0,1.212,2.242
1631,1.687,1.571,0.363,0.479,0,1.212,2.243
1632,1.687,1.571,0.363,0.479,0,1.212,2.243
1633,1.687,1.571,0.363,0.479,0,1.212,2.389
1634,1.687,1.571,0.363,0.479,0,1.212,2.316
1635,1.687,1.571,0.363,0.479,0,1.212,2.389
1636,1.687,1.571,0.363,0.479,0,1.212,2.242
1637,1.687,1.571,0.363,0.479,0,1.212,2.242
1638,1.706,1.59,0.344,0.46,0,1.212,2.389
1639,1.706,1.59,0.344,0.46,0,2.093,1.208
1640,1.706,1.59,0.344,0.46,0,2.093,0.027
1641,1.706,1.59,0.344,0.46,0,2.093,0.027
1642,1.706,1.59,0.344,0.46,0,2.093,0.027
1643,1.706,1.59,0.344,0.46,0,2.093,0.027
1644,1.706,1.59,0.344,0.46,0,2.093,0.027
1645,1.706,1.59,0.344,0.46,0,2.093,0.027
1646,1.687,1.59,0.363,0.46,0,2.093,0.027
1647,1.687,1.59,0.363,0.46,0,2.092,0.027
1648,1.687,1.59,0.363,0.46,0,2.092,0.027
1649,1.687,1.59,0.363,0.46,0,2.092,0.027
1650,1.687,1.59,0.363,0.46,0,2.092,0.027
1651,1.706,1.609,0.344,0.441,0,2.092,0.027
1652,1.706,1.609,0.344,0.441,0,2.092,0.027
1653,1.725,1.609,0.325,0.441,0,2.092,0.027
1654,1.725,1.609,0.325,0.441,0,2.092,0.027
1655,1.706,1.609,0.344,0.441,0,2.092,0.027
1656,1.706,1.609,0.344,0.441,0,2.092,0.027
1657,1.706,1.609,0.344,0.441,0,2.092,0.027
1658,1.706,1.609,0.344,0.441,0,2.092,0.027
1659,1.706,1.609,0.344,0.441,0,2.092,0.027
1660,1.706,1.609,0.344,0.441,0,2.092,0.027
1661,1.706,1.609,0.344,0.441,0,2.092,0.026
1662,1.706,1.609,0.344,0.441,0,1.481,0.027
1663,1.706,1.609,0.344,0.441,0,0.616,0.028
1664,1.706,1.59,0.344,0.46,0,0.616,2.243
1665,1.706,1.59,0.344,0.46,0,0.616,2.316
1666,1.687,1.59,0.363,0.46,0,0.616,2.243
1667,1.687,1.59,0.363,0.46,0,0.616,2.242
1668,1.687,1.59,0.363,0.46,0,0.617,2.242
1669,1.687,1.59,0.363,0.46,0,0.617,2.098
1670,1.687,1.59,0.363,0.46,0,0.617,2.097
1671,1.687,1.59,0.363,0.46,0,0.616,2.098
1672,1.687,1.59,0.363,0.46,0,0.617,2.098
1673,1.687,1.59,0.363,0.46,0,0.617,2.098
1674,1.687,1.59,0.363,0.46,0,0.616,2.098
1675,1.687,1.59,0.363,0.46,0,0.616,2.098
1676,1.687,1.59,0.363,0.46,0,0.617,2.243
1677,1.687,1.59,0.363,0.46,0,0.617,2.098
1678,1.687,1.59,0.363,0.46,0,0.616,2.098
1679,1.687,1.609,0.363,0.441,0,0.617,2.098
1680,1.687,1.609,0.363,0.441,0,0.616,2.098
1681,1.687,1.609,0.363,0.441,0,0.617,2.243
1682,1.687,1.609,0.363,0.441,0,0.617,2.097
1683,1.687,1.609,0.363,0.441,0,0.616,2.098
1684,1.687,1.609,0.363,0.441,0,0.615,2.098
1685,1.687,1.609,0.363,0.441,0,0.617,2.243
1686,1.668,1.609,0.382,0.441,0,0.617,2.082
1687,1.668,1.609,0.382,0.441,0,0.617,1.952
1688,1.668,1.609,0.382,0.441,0,0.617,1.951
1689,1.668,1.609,0.382,0.441,0,0.617,2.098
1690,1.668,1.609,0.382,0.441,0,0.617,1.952
1691,1.668,1.609,0.382,0.441,0,0.616,1.952
1692,1.687,1.609,0.363,0.441,0,0.617,1.951
1693,1.687,1.609,0.363,0.441,0,0.617,1.952
1694,1.687,1.609,0.363,0.441,0,0.616,1.953
1695,1.687,1.609,0.363,0.441,0,0.617,1.953
1696,1.687,1.609,0.363,0.441,0,0.616,2.025
1697,1.687,1.609,0.363,0.441,0,0.615,1.952
1698,1.687,1.609,0.363,0.441,0,0.616,1.952
1699,1.706,1.609,0.344,0.441,0,0.617,1.952
1700,1.725,1.628,0.325,0.422,0,0.617,2.098
1701,1.725,1.628,0.325,0.422,0,0.616,1.952
1702,1.725,1.609,0.325,0.441,0,0.616,1.952
1703,1.725,1.628,0.325,0.422,0,0.617,2.098
1704,1.725,1.609,0.325,0.441,0,0.617,1.952
1705,1.725,1.609,0.325,0.441,0,0.617,1.952
1706,1.725,1.609,0.325,0.441,0,0.616,1.808
1707,1.725,1.609,0.325,0.441,0,0.617,1.952
1708,1.744,1.628,0.306,0.422,0,0.617,1.808
1709,1.744,1.628,0.306,0.422,0,0.617,1.952
1710,1.744,1.628,0.306,0.422,0,0.617,1.808
1711,1.725,1.628,0.325,0.422,0,0.617,1.952
1712,1.725,1.628,0.325,0.422,0,0.617,1.808
1713,1.725,1.628,0.325,0.422,0,0.617,1.808
1714,1.725,1.628,0.325,0.422,0,0.616,1.916
1715,1.744,1.647,0.306,0.403,0,0.615,1.807
1716,1.744,1.647,0.306,0.403,0,0.617,1.807
1717,1.744,1.647,0.306,0.403,0,0.616,1.808
1718,1.725,1.647,0.325,0.403,0,0.615,1.664
1719,1.725,1.647,0.325,0.403,0,0.617,1.664
1720,1.725,1.647,0.325,0.403,0,0.615,1.663
1721,1.725,1.647,0.325,0.403,0,0.616,1.519
1722,1.725,1.647,0.325,0.403,0,0.617,1.664
1723,1.725,1.647,0.325,0.403,0,0.617,1.521
1724,1.725,1.647,0.325,0.403,0,0.617,1.521
1725,1.725,1.647,0.325,0.403,0,0.617,1.52
1726,1.725,1.647,0.325,0.403,0,0.617,1.52
1727,1.725,1.647,0.325,0.403,0,0.616,1.52
1728,1.725,1.647,0.325,0.403,0,0.617,1.375
1729,1.725,1.628,0.325,0.422,0,0.616,1.519
1730,1.725,1.628,0.325,0.422,0,0.617,1.374
1731,1.725,1.647,0.325,0.403,0,0.616,1.521
1732,1.725,1.647,0.325,0.403,0,0.617,1.227
1733,1.725,1.628,0.325,0.422,0,0.616,1.372
1734,1.725,1.628,0.325,0.422,0,0.617,1.375
1735,1.725,1.628,0.325,0.422,0,0.617,1.374
1736,1.725,1.628,0.325,0.422,0,0.616,1.228
1737,1.744,1.647,0.306,0.403,0,0.617,1.226
1738,1.725,1.647,0.325,0.403,0,0.617,1.226
1739,1.744,1.647,0.306,0.403,0,0.617,1.226
1740,1.744,1.647,0.306,0.403,0,0.618,1.228
1741,1.744,1.647,0.306,0.403,0,0.616,1.227
1742,1.744,1.647,0.306,0.403,0,0.617,1.213
1743,1.744,1.628,0.306,0.422,0,0.615,1.078
1744,1.744,1.647,0.306,0.403,0,0.618,1.228
1745,1.763,1.647,0.287,0.403,0,0.617,1.082
1746,1.782,1.665,0.268,0.385,0,0.615,1.226
1747,1.801,1.666,0.249,0.384,0,0.616,1.079
1748,1.802,1.666,0.248,0.384,0,0.615,1.079
1749,1.802,1.685,0.248,0.365,0,0.617,1.079
1750,1.782,1.685,0.268,0.365,0,0.615,1.078
1751,1.782,1.685,0.268,0.365,0,0.617,1.081
1752,1.782,1.685,0.268,0.365,0,0.618,1.08
1753,1.782,1.685,0.268,0.365,0,0.618,1.083
1754,1.782,1.685,0.268,0.365,0,0.618,1.079
1755,1.782,1.685,0.268,0.365,0,0.616,0.932
1756,1.782,1.685,0.268,0.365,0,0.615,1.078
1757,1.782,1.703,0.268,0.347,0,0.617,1.084
1758,1.802,1.685,0.248,0.365,0,0.617,0.932
1759,1.821,1.685,0.229,0.365,0,0.616,1.078
1760,1.821,1.685,0.229,0.365,0,0.618,0.931
1761,1.802,1.703,0.248,0.347,0,0.615,0.932
1762,1.821,1.703,0.229,0.347,0,0.618,0.93
1763,1.821,1.703,0.229,0.347,0,0.618,0.933
1764,1.802,1.703,0.248,0.347,0,0.615,0.932
1765,1.802,1.703,0.248,0.347,0,0.615,0.93
1766,1.802,1.703,0.248,0.347,0,0.617,0.781
1767,1.802,1.703,0.248,0.347,0,0.62,0.783
1768,1.802,1.703,0.248,0.347,0,0.618,0.935
1769,1.802,1.703,0.248,0.347,0,0.618,0.934
1770,1.821,1.723,0.229,0.327,0,0.62,0.783
1771,1.821,1.723,0.229,0.327,0,0.618,0.931
1772,1.821,1.723,0.229,0.327,0,0.615,0.782
1773,1.821,1.742,0.229,0.308,0,1.354,0.93
1774,1.821,1.742,0.229,0.308,0,2.093,0.027
1775,1.802,1.742,0.248,0.308,0,2.093,0.027
1776,1.802,1.742,0.248,0.308,0,2.093,0.027
1777,1.802,1.742,0.248,0.308,0,2.093,0.027
1778,1.802,1.742,0.248,0.308,0,2.093,0.027
1779,1.802,1.742,0.248,0.308,0,2.093,0.027
1780,1.802,1.723,0.248,0.327,0,2.093,0.027
1781,1.802,1.723,0.248,0.327,0,2.093,0.027
1782,1.782,1.723,0.268,0.327,0,2.093,0.027
1783,1.802,1.742,0.248,0.308,0,2.093,0.027
1784,1.802,1.742,0.248,0.308,0,2.093,0.027
1785,1.802,1.742,0.248,0.308,0,2.093,0.027
1786,1.802,1.742,0.248,0.308,0,2.093,0.027
1787,1.802,1.761,0.248,0.289,0,2.093,0.027
1788,1.802,1.761,0.248,0.289,0,2.092,0.027
1789,1.802,1.78,0.248,0.27,0,2.092,0.027
1790,1.821,1.78,0.229,0.27,0,2.092,0.027
1791,1.821,1.799,0.229,0.251,0,2.092,0.027
1792,1.839,1.817,0.211,0.233,0,2.093,0.027
1793,1.897,1.855,0.153,0.195,0,2.093,0.027
1794,1.897,1.855,0.153,0.195,0,2.093,0.027
1795,1.896,1.855,0.154,0.195,0,2.093,0.027
1796,1.897,1.836,0.153,0.214,0,2.093,0.027
1797,1.896,1.836,0.154,0.214,0,2.093,0.027
1798,1.897,1.836,0.153,0.214,0,2.093,0.026
1799,1.897,1.836,0.153,0.214,0,1.504,0.026
1800,1.897,1.836,0.153,0.214,0,1.504,0.301
1801,1.897,1.836,0.153,0.214,0,1.505,0.335
1802,1.897,1.817,0.153,0.233,0,1.506,0.334
1803,1.896,1.817,0.154,0.233,0,1.504,0.332
1804,1.896,1.817,0.154,0.233,0,1.506,0.336
1805,1.877,1.817,0.173,0.233,0,1.507,0.482
1806,1.877,1.817,0.173,0.233,0,1.505,0.336
1807,1.877,1.817,0.173,0.233,0,1.506,0.481
1808,1.877,1.817,0.173,0.233,0,1.507,0.409
1809,1.877,1.817,0.173,0.233,0,1.505,0.488
1810,1.877,1.799,0.173,0.251,0,1.504,0.484
1811,1.877,1.799,0.173,0.251,0,1.504,0.332
1812,1.877,1.799,0.173,0.251,0,1.504,0.482
1813,1.858,1.799,0.192,0.251,0,1.504,0.483
1814,1.858,1.799,0.192,0.251,0,1.504,0.488
1815,1.877,1.799,0.173,0.251,0,1.507,0.484
1816,1.877,1.799,0.173,0.251,0,1.504,0.482
1817,1.877,1.799,0.173,0.251,0,1.506,0.487
1818,1.877,1.799,0.173,0.251,0,1.504,0.484
1819,1.858,1.799,0.192,0.251,0,1.509,0.635
1820,1.858,1.799,0.192,0.251,0,1.505,0.635
1821,1.858,1.799,0.192,0.251,0,1.504,0.562
1822,1.858,1.78,0.192,0.27,0,1.504,0.637
1823,1.858,1.78,0.192,0.27,0,1.508,0.635
1824,1.858,1.78,0.192,0.27,0,1.507,0.635
1825,1.839,1.78,0.211,0.27,0,1.507,0.781
1826,1.858,1.78,0.192,0.27,0,1.507,0.672
1827,1.839,1.78,0.211,0.27,0,1.505,0.784
1828,1.839,1.78,0.211,0.27,0,1.505,0.636
1829,1.839,1.78,0.211,0.27,0,1.509,0.783
1830,1.839,1.78,0.211,0.27,0,1.505,0.781
1831,1.839,1.78,0.211,0.27,0,1.509,0.888
1832,1.839,1.78,0.211,0.27,0,1.505,0.781
1833,1.839,1.78,0.211,0.27,0,1.504,0.785
1834,1.839,1.78,0.211,0.27,0,1.507,0.93
1835,1.839,1.78,0.211,0.27,0,1.505,0.781
1836,1.839,1.78,0.211,0.27,0,1.504,0.932
1837,1.839,1.78,0.211,0.27,0,1.505,0.786
1838,1.839,1.78,0.211,0.27,0,1.506,0.935
1839,1.839,1.78,0.211,0.27,0,1.505,0.861
1840,1.821,1.78,0.229,0.27,0,1.504,0.933
1841,1.839,1.78,0.211,0.27,0,1.504,0.935
1842,1.821,1.78,0.229,0.27,0,1.504,0.933
1843,1.821,1.78,0.229,0.27,0,1.505,0.781
1844,1.821,1.78,0.229,0.27,0,1.509,0.872
1845,1.821,1.761,0.229,0.289,0,1.504,0.932
1846,1.821,1.78,0.229,0.27,0,1.507,0.93
1847,1.821,1.761,0.229,0.289,0,1.506,0.933
1848,1.821,1.761,0.229,0.289,0,1.504,0.93
1849,1.821,1.761,0.229,0.289,0,1.505,1.081
1850,1.821,1.761,0.229,0.289,0,1.505,0.932
1851,1.821,1.761,0.229,0.289,0,1.505,1.079
1852,1.821,1.761,0.229,0.289,0,1.507,1.003
1853,1.802,1.761,0.248,0.289,0,1.507,1.079
1854,1.802,1.761,0.248,0.289,0,1.504,0.931
1855,1.802,1.761,0.248,0.289,0,1.505,1.005
1856,1.802,1.761,0.248,0.289,0,1.506,1.081
1857,1.802,1.761,0.248,0.289,0,1.507,1.082
1858,1.802,1.761,0.248,0.289,0,1.509,1.083
1859,1.802,1.742,0.248,0.308,0,1.506,1.083
1860,1.802,1.761,0.248,0.289,0,1.505,1.082
1861,1.801,1.761,0.249,0.289,0,1.509,1.228
1862,1.802,1.761,0.248,0.289,0,1.505,1.078
1863,1.802,1.742,0.248,0.308,0,1.505,1.08
1864,1.782,1.742,0.268,0.308,0,1.505,1.081
1865,1.782,1.742,0.268,0.308,0,1.507,1.079
1866,1.782,1.742,0.268,0.308,0,1.505,1.227
1867,1.782,1.742,0.268,0.308,0,1.505,1.081
1868,1.802,1.742,0.248,0.308,0,1.507,1.079
1869,1.782,1.742,0.268,0.308,0,1.504,1.227
1870,1.782,1.742,0.268,0.308,0,1.506,1.226
1871,1.782,1.742,0.268,0.308,0,1.506,1.228
1872,1.782,1.742,0.268,0.308,0,1.505,1.227
1873,1.782,1.742,0.268,0.308,0,1.505,1.301
1874,1.782,1.742,0.268,0.308,0,1.506,1.372
1875,1.782,1.742,0.268,0.308,0,1.505,1.228
1876,1.782,1.742,0.268,0.308,0,1.507,1.226
1877,1.782,1.742,0.268,0.308,0,1.504,1.374
1878,1.782,1.723,0.268,0.327,0,1.505,1.52
1879,1.782,1.742,0.268,0.308,0,1.505,1.372
1880,1.782,1.742,0.268,0.308,0,1.505,1.372
1881,1.782,1.742,0.268,0.308,0,1.504,1.448
1882,1.763,1.723,0.287,0.327,0,1.504,1.52
1883,1.763,1.723,0.287,0.327,0,1.504,1.521
1884,1.763,1.723,0.287,0.327,0,1.507,1.52
1885,1.763,1.723,0.287,0.327,0,1.505,1.52
1886,1.763,1.723,0.287,0.327,0,1.505,1.521
1887,1.763,1.723,0.287,0.327,0,1.505,1.662
1888,1.763,1.722,0.287,0.328,0,1.505,1.52
1889,1.763,1.723,0.287,0.327,0,1.505,1.591
1890,1.763,1.723,0.287,0.327,0,1.504,1.664
1891,1.763,1.723,0.287,0.327,0,1.505,1.792
1892,1.763,1.723,0.287,0.327,0,1.505,1.662
1893,1.763,1.723,0.287,0.327,0,1.505,1.808
1894,1.763,1.723,0.287,0.327,0,1.505,1.88
1895,1.782,1.742,0.268,0.308,0,1.505,1.808
1896,1.783,1.742,0.267,0.308,0,1.505,1.952
1897,1.782,1.742,0.268,0.308,0,1.505,1.952
1898,1.782,1.723,0.268,0.327,0,1.505,2.098
1899,1.782,1.742,0.268,0.308,0,1.505,2.012
1900,1.782,1.723,0.268,0.327,0,1.505,2.098
1901,1.783,1.723,0.267,0.327,0,1.505,2.097
1902,1.802,1.723,0.248,0.327,0,1.505,2.171
1903,1.877,1.742,0.173,0.308,0,1.505,2.243
1904,1.897,1.742,0.153,0.308,0,1.505,2.357
1905,1.782,1.742,0.268,0.308,0,1.505,2.242
1906,1.802,1.742,0.248,0.308,0,1.505,2.389
1907,1.782,1.742,0.268,0.308,0,1.505,2.316
1908,1.782,1.742,0.268,0.308,0,1.505,2.243
1909,1.802,1.742,0.248,0.308,0,1.506,2.388
1910,1.782,1.742,0.268,0.308,0,1.505,2.316
1911,1.782,1.742,0.268,0.308,0,1.505,2.389
1912,1.782,1.723,0.268,0.327,0,1.505,2.315
1913,1.763,1.723,0.287,0.327,0,1.505,2.389
1914,1.783,1.723,0.267,0.327,0,1.505,2.243
1915,1.763,1.723,0.287,0.327,0,1.505,2.243
1916,1.763,1.723,0.287,0.327,0,1.505,2.388
1917,1.763,1.723,0.287,0.327,0,1.505,2.286
1918,1.763,1.722,0.287,0.328,0,1.505,2.389
1919,1.763,1.723,0.287,0.327,0,1.505,2.243
1920,1.763,1.723,0.287,0.327,0,1.505,2.316
1921,1.763,1.723,0.287,0.327,0,1.505,2.244
1922,1.763,1.723,0.287,0.327,0,1.505,2.243
1923,1.763,1.723,0.287,0.327,0,1.505,2.389
1924,1.782,1.742,0.268,0.308,0,1.505,2.243
1925,1.802,1.742,0.248,0.308,0,1.505,2.317
1926,1.801,1.742,0.249,0.308,0,1.504,2.243
1927,1.821,1.723,0.229,0.327,0,1.505,2.378
1928,1.839,1.723,0.211,0.327,0,1.505,2.244
1929,1.821,1.723,0.229,0.327,0,1.505,2.242
1930,1.802,1.723,0.248,0.327,0,1.505,2.315
1931,1.839,1.742,0.211,0.308,0,1.505,2.242
1932,1.839,1.742,0.211,0.308,0,1.505,2.381
1933,1.821,1.742,0.229,0.308,0,1.505,2.315
1934,1.821,1.742,0.229,0.308,0,1.505,2.389
1935,1.821,1.723,0.229,0.327,0,1.505,2.316
1936,1.821,1.723,0.229,0.327,0,1.505,2.243
1937,1.821,1.723,0.229,0.327,0,1.505,2.388
1938,1.821,1.742,0.229,0.308,0,1.505,2.315
1939,1.821,1.742,0.229,0.308,0,1.505,2.389
1940,1.821,1.742,0.229,0.308,0,1.505,2.316
1941,1.821,1.742,0.229,0.308,0,1.505,2.389
1942,1.821,1.723,0.229,0.327,0,1.505,2.242
1943,1.821,1.723,0.229,0.327,0,1.505,2.242
1944,1.821,1.723,0.229,0.327,0,1.505,2.389
1945,1.821,1.723,0.229,0.327,0,1.505,2.243
1946,1.821,1.723,0.229,0.327,0,1.505,2.316
1947,1.821,1.723,0.229,0.327,0,1.505,2.243
1948,1.821,1.723,0.229,0.327,0,1.505,2.316
1949,1.821,1.723,0.229,0.327,0,1.505,2.242
1950,1.821,1.723,0.229,0.327,0,1.505,2.243
1951,1.821,1.723,0.229,0.327,0,1.505,2.243
1952,1.821,1.723,0.229,0.327,0,1.505,2.242
1953,1.821,1.723,0.229,0.327,0,1.505,2.274
1954,1.821,1.723,0.229,0.327,0,1.505,2.316
1955,1.802,1.723,0.248,0.327,0,1.505,2.388
1956,1.801,1.723,0.249,0.327,0,1.505,2.315
1957,1.802,1.723,0.248,0.327,0,1.505,2.242
1958,1.821,1.723,0.229,0.327,0,1.505,2.242
1959,1.801,1.723,0.249,0.327,0,1.505,2.242
1960,1.802,1.723,0.248,0.327,0,1.505,2.389
1961,1.802,1.723,0.248,0.327,0,1.505,2.316
1962,1.802,1.723,0.248,0.327,0,1.504,2.389
1963,1.802,1.723,0.248,0.327,0,1.505,2.243
1964,1.801,1.723,0.249,0.327,0,1.505,2.243
1965,1.802,1.703,0.248,0.347,0,1.505,2.243
1966,1.801,1.703,0.249,0.347,0,1.505,2.243
1967,1.801,1.703,0.249,0.347,0,1.505,2.389
1968,1.802,1.703,0.248,0.347,0,1.505,2.242
1969,1.802,1.703,0.248,0.347,0,1.505,2.316
1970,1.801,1.703,0.249,0.347,0,1.505,2.243
1971,1.801,1.703,0.249,0.347,0,1.505,2.243
1972,1.802,1.703,0.248,0.347,0,1.505,2.316
1973,1.802,1.703,0.248,0.347,0,1.505,2.243
1974,1.801,1.703,0.249,0.347,0,1.505,2.317
1975,1.802,1.703,0.248,0.347,0,1.505,2.242
1976,1.782,1.703,0.268,0.347,0,1.505,2.388
1977,1.782,1.703,0.268,0.347,0,1.505,2.315
1978,1.782,1.703,0.268,0.347,0,1.505,2.242
1979,1.782,1.704,0.268,0.346,0,1.505,2.242
1980,1.782,1.703,0.268,0.347,0,1.505,2.242
1981,1.782,1.685,0.268,0.365,0,1.505,2.388
1982,1.782,1.685,0.268,0.365,0,1.505,2.316
1983,1.782,1.685,0.268,0.365,0,1.505,2.389
1984,1.782,1.684,0.268,0.366,0,1.505,2.316
1985,1.782,1.684,0.268,0.366,0,1.505,2.389
1986,1.782,1.684,0.268,0.366,0,1.505,2.243
1987,1.782,1.685,0.268,0.365,0,1.505,2.243
1988,1.782,1.685,0.268,0.365,0,1.505,2.389
1989,1.782,1.685,0.268,0.365,0,1.505,2.389
1990,1.763,1.685,0.287,0.365,0,1.504,2.316
1991,1.763,1.685,0.287,0.365,0,1.505,2.243
1992,1.763,1.684,0.287,0.366,0,1.505,2.316
1993,1.763,1.684,0.287,0.366,0,1.505,2.243
1994,1.763,1.665,0.287,0.385,0,1.505,2.243
1995,1.763,1.684,0.287,0.366,0,1.505,2.316
1996,1.782,1.685,0.268,0.365,0,1.505,2.242
1997,1.763,1.685,0.287,0.365,0,1.505,2.316
1998,1.763,1.685,0.287,0.365,0,1.505,2.243
1999,1.763,1.684,0.287,0.366,0,1.505,2.389
2000,1.763,1.684,0.287,0.366,0,1.505,2.316
2001,1.763,1.685,0.287,0.365,0,1.505,2.243
2002,1.782,1.684,0.268,0.366,0,1.505,2.242
2003,1.763,1.684,0.287,0.366,0,1.505,2.243
2004,1.782,1.684,0.268,0.366,0,1.505,2.389
2005,1.782,1.704,0.268,0.346,0,1.505,2.316
2006,1.782,1.704,0.268,0.346,0,1.505,2.389
2007,1.783,1.704,0.267,0.346,0,1.505,2.389
2008,1.782,1.703,0.268,0.347,0,1.505,2.243
2009,1.782,1.703,0.268,0.347,0,1.505,2.243
2010,1.782,1.684,0.268,0.366,0,1.505,2.243
2011,1.782,1.703,0.268,0.347,0,1.505,2.389
2012,1.782,1.685,0.268,0.365,0,1.505,2.389
2013,1.782,1.684,0.268,0.366,0,1.504,2.316
2014,1.782,1.685,0.268,0.365,0,1.504,2.243
2015,1.783,1.685,0.267,0.365,0,1.505,2.242
2016,1.782,1.685,0.268,0.365,0,1.505,2.243
2017,1.782,1.685,0.268,0.365,0,1.505,2.243
2018,1.782,1.703,0.268,0.347,0,1.505,2.315
2019,1.782,1.703,0.268,0.347,0,1.505,2.242
2020,1.782,1.703,0.268,0.347,0,1.505,2.242
2021,1.782,1.685,0.268,0.365,0,1.505,2.315
2022,1.782,1.685,0.268,0.365,0,1.505,2.388
2023,1.782,1.685,0.268,0.365,0,1.505,2.315
2024,1.802,1.685,0.248,0.365,0,1.505,2.242
2025,1.782,1.684,0.268,0.366,0,1.505,2.243
2026,1.782,1.684,0.268,0.366,0,1.505,2.316
2027,1.782,1.684,0.268,0.366,0,1.505,2.389
2028,1.801,1.685,0.249,0.365,0,1.505,2.316
2029,1.801,1.684,0.249,0.366,0,1.504,2.389
2030,1.782,1.685,0.268,0.365,0,1.505,2.343
2031,1.782,1.684,0.268,0.366,0,1.505,2.243
2032,1.782,1.684,0.268,0.366,0,1.505,2.242
2033,1.782,1.684,0.268,0.366,0,1.505,2.242
2034,1.782,1.685,0.268,0.365,0,1.505,2.316
2035,1.782,1.685,0.268,0.365,0,1.505,2.243
2036,1.783,1.685,0.267,0.365,0,1.505,2.316
2037,1.802,1.685,0.248,0.365,0,1.505,2.243
2038,1.802,1.703,0.248,0.347,0,1.505,2.243
2039,1.802,1.685,0.248,0.365,0,1.505,2.316
2040,1.802,1.703,0.248,0.347,0,1.505,2.243
2041,1.802,1.685,0.248,0.365,0,1.505,2.243
2042,1.802,1.685,0.248,0.365,0,1.505,2.316
2043,1.802,1.684,0.248,0.366,0,1.505,2.383
2044,1.802,1.685,0.248,0.365,0,1.505,2.315
2045,1.802,1.685,0.248,0.365,0,1.504,2.389
2046,1.802,1.703,0.248,0.347,0,1.505,2.389
2047,1.802,1.703,0.248,0.347,0,1.505,2.243
2048,1.802,1.685,0.248,0.365,0,1.505,2.242
2049,1.802,1.684,0.248,0.366,0,1.505,2.242
2050,1.802,1.685,0.248,0.365,0,1.505,2.389
2051,1.802,1.685,0.248,0.365,0,1.505,2.389
2052,1.802,1.685,0.248,0.365,0,1.505,2.316
2053,1.802,1.685,0.248,0.365,0,1.505,2.243
2054,1.802,1.703,0.248,0.347,0,1.505,2.242
2055,1.821,1.703,0.229,0.347,0,1.505,2.316
2056,1.821,1.723,0.229,0.327,0,1.505,2.243
2057,1.821,1.723,0.229,0.327,0,1.505,2.316
2058,1.821,1.703,0.229,0.347,0,1.504,2.243
2059,1.821,1.703,0.229,0.347,0,1.505,2.242
2060,1.821,1.703,0.229,0.347,0,1.505,2.316
2061,1.821,1.703,0.229,0.347,0,1.505,2.364
2062,1.802,1.703,0.248,0.347,0,1.505,2.315
2063,1.802,1.703,0.248,0.347,0,1.505,2.243
2064,1.802,1.703,0.248,0.347,0,1.505,2.243
2065,1.801,1.703,0.249,0.347,0,1.505,2.243
2066,1.802,1.703,0.248,0.347,0,1.505,2.388
2067,1.801,1.703,0.249,0.347,0,1.505,2.388
2068,1.802,1.703,0.248,0.347,0,1.505,2.316
2069,1.802,1.704,0.248,0.346,0,1.504,2.389
2070,1.802,1.703,0.248,0.347,0,1.505,2.316
2071,1.802,1.703,0.248,0.347,0,1.505,2.243
2072,1.802,1.703,0.248,0.347,0,1.799,2.242
2073,1.802,1.704,0.248,0.346,0,2.092,0.027
2074,1.802,1.703,0.248,0.347,0,2.092,0.027
2075,1.821,1.723,0.229,0.327,0,2.092,0.027
2076,1.821,1.723,0.229,0.327,0,2.092,0.027
2077,1.802,1.723,0.248,0.327,0,2.092,0.027
2078,1.802,1.703,0.248,0.347,0,2.092,0.027
2079,1.801,1.703,0.249,0.347,0,2.092,0.027
2080,1.802,1.703,0.248,0.347,0,2.092,0.027
2081,1.802,1.703,0.248,0.347,0,2.092,0.027
2082,1.801,1.703,0.249,0.347,0,2.092,0.027
2083,1.802,1.703,0.248,0.347,0,2.092,0.027
2084,1.802,1.704,0.248,0.346,0,2.092,0.027
2085,1.802,1.703,0.248,0.347,0,2.092,0.027
2086,1.782,1.704,0.268,0.346,0,2.092,0.027
2087,1.782,1.703,0.268,0.347,0,2.092,0.027
2088,1.782,1.703,0.268,0.347,0,2.092,0.027
2089,1.782,1.685,0.268,0.365,0,2.092,0.027
2090,1.782,1.703,0.268,0.347,0,2.092,0.027
2091,1.782,1.684,0.268,0.366,0,2.092,0.027
2092,1.782,1.685,0.268,0.365,0,2.092,0.027
2093,1.782,1.685,0.268,0.365,0,2.092,0.027
2094,1.782,1.685,0.268,0.365,0,2.092,0.027
2095,1.782,1.684,0.268,0.366,0,2.092,0.026
2096,1.782,1.685,0.268,0.365,0,2.092,0.028
2097,1.782,1.685,0.268,0.365,0,0.917,0.027
2098,1.782,1.684,0.268,0.366,0,0.917,2.389
2099,1.782,1.685,0.268,0.365,0,0.917,2.389
2100,1.782,1.685,0.268,0.365,0,0.917,2.39
2101,1.782,1.684,0.268,0.366,0,0.918,2.444
2102,1.763,1.666,0.287,0.384,0,0.916,2.39
2103,1.763,1.666,0.287,0.384,0,0.918,2.243
2104,1.763,1.666,0.287,0.384,0,0.918,2.316
2105,1.763,1.665,0.287,0.385,0,0.918,2.243
2106,1.763,1.665,0.287,0.385,0,0.917,2.243
2107,1.763,1.665,0.287,0.385,0,0.918,2.242
2108,1.763,1.665,0.287,0.385,0,0.918,2.242
2109,1.763,1.665,0.287,0.385,0,0.917,2.242
2110,1.763,1.666,0.287,0.384,0,0.918,2.243
2111,1.763,1.666,0.287,0.384,0,0.917,2.243
2112,1.763,1.685,0.287,0.365,0,0.917,2.243
2113,1.763,1.666,0.287,0.384,0,0.917,2.39
2114,1.763,1.666,0.287,0.384,0,0.918,2.243
2115,1.763,1.666,0.287,0.384,0,0.918,2.243
2116,1.763,1.665,0.287,0.385,0,0.917,2.316
2117,1.763,1.666,0.287,0.384,0,0.918,2.337
2118,1.763,1.666,0.287,0.384,0,0.917,2.243
2119,1.744,1.666,0.306,0.384,0,0.916,2.17
2120,1.763,1.685,0.287,0.365,0,0.918,2.099
2121,1.763,1.666,0.287,0.384,0,0.917,2.097
2122,1.763,1.666,0.287,0.384,0,0.918,2.17
2123,1.763,1.666,0.287,0.384,0,0.917,2.242
2124,1.763,1.685,0.287,0.365,0,0.916,2.097
2125,1.763,1.685,0.287,0.365,0,0.916,2.098
2126,1.763,1.685,0.287,0.365,0,0.916,2.098
2127,1.763,1.685,0.287,0.365,0,0.918,2.097
2128,1.763,1.685,0.287,0.365,0,0.918,2.097
2129,1.763,1.685,0.287,0.365,0,0.918,2.098
2130,1.782,1.685,0.268,0.365,0,0.918,2.098
2131,1.782,1.685,0.268,0.365,0,0.918,2.098
2132,1.782,1.685,0.268,0.365,0,0.918,2.098
2133,1.782,1.685,0.268,0.365,0,0.918,2.098
2134,1.782,1.685,0.268,0.365,0,0.917,2.243
2135,1.782,1.684,0.268,0.366,0,0.916,2.098
2136,1.782,1.685,0.268,0.365,0,0.916,2.098
2137,1.782,1.685,0.268,0.365,0,0.918,2.025
2138,1.782,1.685,0.268,0.365,0,0.918,1.952
2139,1.782,1.685,0.268,0.365,0,0.917,1.952
2140,1.782,1.685,0.268,0.365,0,0.916,2.025
2141,1.782,1.685,0.268,0.365,0,0.918,1.952
2142,1.782,1.685,0.268,0.365,0,0.917,1.952
2143,1.783,1.685,0.267,0.365,0,0.916,1.952
2144,1.782,1.685,0.268,0.365,0,0.918,1.952
2145,1.783,1.685,0.267,0.365,0,0.917,1.952
2146,1.783,1.685,0.267,0.365,0,0.916,1.951
2147,1.782,1.685,0.268,0.365,0,0.918,1.952
2148,1.783,1.685,0.267,0.365,0,0.916,1.88
2149,1.782,1.685,0.268,0.365,0,0.916,1.807
2150,1.782,1.685,0.268,0.365,0,0.918,1.88
2151,1.783,1.685,0.267,0.365,0,0.916,1.807
2152,1.783,1.704,0.267,0.346,0,0.918,1.662
2153,1.782,1.704,0.268,0.346,0,0.918,1.736
2154,1.783,1.703,0.267,0.347,0,0.918,1.663
2155,1.783,1.685,0.267,0.365,0,0.916,1.664
2156,1.763,1.685,0.287,0.365,0,0.919,1.664
2157,1.782,1.703,0.268,0.347,0,0.918,1.664
2158,1.782,1.703,0.268,0.347,0,0.916,1.592
2159,1.782,1.703,0.268,0.347,0,0.918,1.519
2160,1.782,1.685,0.268,0.365,0,0.917,1.52
2161,1.788,1.703,0.262,0.347,0,0.916,1.578
2162,1.802,1.703,0.248,0.347,0,0.916,1.374
2163,1.801,1.703,0.249,0.347,0,0.916,1.448
2164,1.802,1.703,0.248,0.347,0,0.918,1.52
2165,1.802,1.704,0.248,0.346,0,0.917,1.52
2166,1.802,1.703,0.248,0.347,0,0.918,1.375
2167,1.802,1.703,0.248,0.347,0,0.916,1.375
2168,1.802,1.703,0.248,0.347,0,0.918,1.375
2169,1.802,1.704,0.248,0.346,0,0.916,1.374
2170,1.802,1.703,0.248,0.347,0,0.916,1.373
2171,1.782,1.703,0.268,0.347,0,0.916,1.373
2172,1.782,1.703,0.268,0.347,0,0.916,1.375
2173,1.782,1.703,0.268,0.347,0,0.917,1.228
2174,1.802,1.703,0.248,0.347,0,0.918,1.375
2175,1.802,1.704,0.248,0.346,0,0.918,1.228
2176,1.802,1.703,0.248,0.347,0,0.916,1.227
2177,1.802,1.703,0.248,0.347,0,0.918,1.228
2178,1.802,1.703,0.248,0.347,0,0.918,1.375
2179,1.783,1.703,0.267,0.347,0,0.916,1.109
2180,1.782,1.704,0.268,0.346,0,0.919,1.229
2181,1.782,1.703,0.268,0.347,0,0.917,1.227
2182,1.782,1.704,0.268,0.346,0,0.918,1.227
2183,1.782,1.685,0.268,0.365,0,0.916,1.078
2184,1.782,1.703,0.268,0.347,0,0.916,1.153
2185,1.802,1.703,0.248,0.347,0,0.919,1.081
2186,1.802,1.704,0.248,0.346,0,0.919,1.154
2187,1.821,1.723,0.229,0.327,0,0.919,1.228
2188,1.821,1.723,0.229,0.327,0,0.918,1.081
2189,1.802,1.704,0.248,0.346,0,0.916,1.08
2190,1.802,1.704,0.248,0.346,0,0.916,1.08
2191,1.802,1.704,0.248,0.346,0,0.917,1.078
2192,1.802,1.704,0.248,0.346,0,0.919,1.08
2193,1.802,1.703,0.248,0.347,0,0.919,1.08
2194,1.802,1.704,0.248,0.346,0,0.916,1.005
2195,1.802,1.704,0.248,0.346,0,0.919,1.081
2196,1.783,1.703,0.267,0.347,0,0.917,1.08
2197,1.782,1.703,0.268,0.347,0,0.919,0.938
2198,1.782,1.703,0.268,0.347,0,0.916,1.079
2199,1.783,1.704,0.267,0.346,0,0.919,0.931
2200,1.783,1.703,0.267,0.347,0,0.919,0.933
2201,1.782,1.685,0.268,0.365,0,0.917,1.078
2202,1.783,1.685,0.267,0.365,0,0.916,0.932
2203,1.782,1.685,0.268,0.365,0,0.918,0.93
2204,1.782,1.685,0.268,0.365,0,0.919,0.932
2205,1.782,1.685,0.268,0.365,0,0.916,0.933
2206,1.782,1.685,0.268,0.365,0,0.916,0.931
2207,1.783,1.685,0.267,0.365,0,0.918,0.93
2208,1.783,1.685,0.267,0.365,0,0.916,0.931
2209,1.783,1.685,0.267,0.365,0,0.919,0.788
2210,1.782,1.685,0.268,0.365,0,0.916,0.783
2211,1.782,1.684,0.268,0.366,0,0.916,0.782
2212,1.782,1.685,0.268,0.365,0,0.92,0.709
2213,1.782,1.685,0.268,0.365,0,0.916,0.784
2214,1.782,1.666,0.268,0.384,0,0.916,0.784
2215,1.782,1.665,0.268,0.385,0,0.918,0.636
2216,1.782,1.685,0.268,0.365,0,0.923,0.635
2217,1.783,1.666,0.267,0.384,0,0.916,0.637
2218,1.782,1.666,0.268,0.384,0,0.922,0.635
2219,1.782,1.685,0.268,0.365,0,0.917,0.635
2220,1.782,1.685,0.268,0.365,0,0.916,0.485
2221,1.782,1.666,0.268,0.384,0,0.916,0.487
2222,1.782,1.685,0.268,0.365,0,0.916,0.487
2223,1.782,1.685,0.268,0.365,0,0.916,0.482
2224,1.782,1.666,0.268,0.384,0,0.917,0.333
2225,1.782,1.666,0.268,0.384,0,0.92,0.334
2226,1.782,1.665,0.268,0.385,0,0.916,0.181
2227,1.782,1.666,0.268,0.384,0,0.917,0.182
2228,1.782,1.665,0.268,0.385,0,0.916,0.182
2229,1.802,1.685,0.248,0.365,0,0.919,0.184
2230,1.801,1.685,0.249,0.365,0,0.916,0.181
2231,1.802,1.685,0.248,0.365,0,0.923,0.184
2232,1.802,1.685,0.248,0.365,0,0.916,0.181
2233,1.802,1.685,0.248,0.365,0,0.922,0.183
2234,1.802,1.685,0.248,0.365,0,0.916,0.181
2235,1.802,1.703,0.248,0.347,0,0.919,0.182
2236,1.802,1.703,0.248,0.347,0,0.916,0.181
2237,1.802,1.685,0.248,0.365,0,0.918,0.183
2238,1.802,1.685,0.248,0.365,0,0.916,0.181
2239,1.763,1.685,0.287,0.365,0,0.918,0.184
2240,1.763,1.684,0.287,0.366,0,0.917,0.181
2241,1.763,1.685,0.287,0.365,0,0.923,0.334
2242,1.763,1.703,0.287,0.347,0,0.916,0.181
2243,1.763,1.684,0.287,0.366,0,0.918,0.183
2244,1.763,1.684,0.287,0.366,0,0.916,0.18
2245,1.763,1.684,0.287,0.366,0,0.917,0.184
2246,1.763,1.684,0.287,0.366,0,0.916,0.18
2247,1.763,1.685,0.287,0.365,0,0.923,0.186
2248,1.763,1.684,0.287,0.366,0,0.916,0.181
2249,1.744,1.684,0.306,0.366,0,0.922,0.183
2250,1.744,1.685,0.306,0.365,0,0.917,0.181
2251,1.744,1.685,0.306,0.365,0,0.918,0.183
2252,1.744,1.684,0.306,0.366,0,0.916,0.181
